Mean pitch,Standard deviation,Minimum pitch,Maximum pitch,Mean intensity,Minimum intensity,Maximum intensity,Number of pulses,Number of periods,Mean period,Standard deviation of period,Fraction of unvoiced,Number of voice breaks,Degree of voice breaks,Jitter local,Jitter local absolute,Jitter rap,Jitter ppq5,Jitter ddp,Shimmer local,Shimmer local dB,Shimmer apq3,Shimmer apq5,Shimmer apq11,Shimmer dda,Mean autocorrelation,Mean NHR,Mean HNR,Audio Length
121.534 ,15.602 ,91.996 ,135.987 ,32.8820752567875,72.69477445891826,9.3348490595464,19,16,8.279020E-3 ,1.409059E-3 ,92.580,2,5.005,4.787,396.343E-6 ,0.718,0.790,2.155,18.596,1.640 ,7.253,10.176,--undefined--,21.759,0.702345,0.458288,3.992 ,2.8690249433106576
218.845 ,5.997 ,211.319 ,224.585 ,43.622978057613295,71.32966810289513,6.871716431770361,9,8,4.630370E-3 ,0.177168E-3 ,89.474,0,0,1.597,73.960E-6 ,0.431,0.542,1.294,21.957,2.075 ,8.761,12.896,--undefined--,26.282,0.698017,0.437358,3.671 ,0.41351473922902493
169.096 ,69.224 ,115.695 ,503.929 ,49.62827217780818,72.6614304148029,16.095644636516838,241,227,5.915077E-3 ,1.689069E-3 ,60.302,13,58.823,1.527,90.349E-6 ,0.755,0.899,2.264,14.931,1.374 ,6.990,8.845,11.554,20.970,0.721546,0.449875,4.710 ,4.018412698412698
137.887 ,16.976 ,117.497 ,177.213 ,31.703618355688878,69.92807971218505,2.8558623073769756,62,58,7.236667E-3 ,0.885816E-3 ,87.728,3,6.049,1.226,88.713E-6 ,0.496,0.431,1.487,14.115,1.190 ,6.479,8.986,14.814,19.436,0.811838,0.265506,7.329 ,3.8616780045351473
