Mean pitch,Standard deviation,Minimum pitch,Maximum pitch,Mean intensity,Minimum intensity,Maximum intensity,Number of pulses,Number of periods,Mean period,Standard deviation of period,Fraction of unvoiced,Number of voice breaks,Degree of voice breaks,Jitter local,Jitter local absolute,Jitter rap,Jitter ppq5,Jitter ddp,Shimmer local,Shimmer local dB,Shimmer apq3,Shimmer apq5,Shimmer apq11,Shimmer dda,Mean autocorrelation,Mean NHR,Mean HNR,Audio Length
158.691 ,2.564 ,153.265 ,164.107 ,25.93369004204637,81.86224343698254,19.451728111957046,28,27,6.314347E-3 ,0.137947E-3 ,93.294,0,0,1.484,93.684E-6 ,0.718,0.698,2.153,9.053,0.918 ,3.317,4.112,9.974,9.951,0.848974,0.229046,9.525 ,3.4601133786848073
156.421 ,41.624 ,99.109 ,317.048 ,56.13102908998363,86.7907653839594,19.629482224505175,376,364,6.454468E-3 ,1.339817E-3 ,49.491,7,21.652,2.461,158.816E-6 ,1.259,1.397,3.776,10.729,1.052 ,4.140,6.321,10.358,12.419,0.859402,0.216404,10.701 ,4.949092970521542
136.876 ,61.692 ,75.210 ,595.108 ,56.427159047376634,79.5959253087394,19.902651828673967,1552,1487,7.415404E-3 ,1.776426E-3 ,31.478,44,33.869,2.067,153.239E-6 ,0.939,1.184,2.818,12.010,1.145 ,4.828,7.467,12.351,14.483,0.863377,0.207319,10.733 ,17.827460317460318
137.913 ,70.559 ,87.741 ,591.396 ,53.862151401966614,79.35052808055431,19.580398009438856,1884,1799,7.401621E-3 ,2.146599E-3 ,37.601,51,39.714,2.248,166.387E-6 ,1.041,1.152,3.122,12.030,1.114 ,4.843,7.116,11.378,14.529,0.858180,0.209418,10.296 ,23.626643990929704
123.883 ,13.826 ,98.288 ,267.317 ,54.69640528348671,77.3141709851839,18.36684765411964,194,186,8.028190E-3 ,0.829882E-3 ,29.412,7,15.401,1.978,158.762E-6 ,0.840,1.093,2.520,12.052,1.216 ,4.404,6.404,15.302,13.212,0.873121,0.168883,10.003 ,2.4152154195011337
136.051 ,22.615 ,109.348 ,311.448 ,50.903257154377286,79.44447803119137,16.72429554466885,375,363,7.361471E-3 ,0.918234E-3 ,43.529,9,24.097,1.890,139.148E-6 ,0.918,1.054,2.755,10.778,1.008 ,4.627,6.475,9.389,13.882,0.867645,0.195108,10.860 ,5.131950113378685
