Mean pitch,Standard deviation,Minimum pitch,Maximum pitch,Mean intensity,Minimum intensity,Maximum intensity,Number of pulses,Number of periods,Mean period,Standard deviation of period,Fraction of unvoiced,Number of voice breaks,Degree of voice breaks,Jitter local,Jitter local absolute,Jitter rap,Jitter ppq5,Jitter ddp,Shimmer local,Shimmer local dB,Shimmer apq3,Shimmer apq5,Shimmer apq11,Shimmer dda,Mean autocorrelation,Mean NHR,Mean HNR,Audio Length
182.307 ,18.147 ,168.481 ,237.679 ,47.967974371274444,67.84288556011902,17.13088395612443,79,77,5.505200E-3 ,0.527322E-3 ,36.620,1,11.526,1.208,66.501E-6 ,0.444,0.436,1.332,7.465,0.747 ,2.328,3.734,6.555,6.985,0.940390,0.070868,13.459 ,0.7433786848072562
163.906 ,12.094 ,146.668 ,196.532 ,46.96776694972416,85.46131228193371,19.77439176393582,218,213,6.105281E-3 ,0.467707E-3 ,58.235,4,7.593,1.216,74.248E-6 ,0.464,0.590,1.391,14.519,1.355 ,5.981,8.460,13.272,17.944,0.872005,0.181531,10.005 ,3.4339909297052156
130.800 ,36.426 ,100.126 ,319.037 ,64.87516150124571,83.20173992726062,26.52664712180527,728,709,7.657965E-3 ,1.620992E-3 ,26.135,17,21.313,1.702,130.319E-6 ,0.791,0.881,2.373,12.784,1.172 ,5.100,6.970,11.310,15.301,0.860720,0.193275,9.634 ,8.18827664399093
269.356 ,173.760 ,113.240 ,535.239 ,45.29206179853021,81.74063047937787,31.932831632662015,114,108,3.777004E-3 ,2.655247E-3 ,76.882,0,0,5.115,193.202E-6 ,2.598,3.466,7.793,26.448,2.054 ,11.700,16.972,--undefined--,35.099,0.752221,0.351887,5.086 ,1.8927664399092972
