Mean pitch,Standard deviation,Minimum pitch,Maximum pitch,Mean intensity,Minimum intensity,Maximum intensity,Number of pulses,Number of periods,Mean period,Standard deviation of period,Fraction of unvoiced,Number of voice breaks,Degree of voice breaks,Jitter local,Jitter local absolute,Jitter rap,Jitter ppq5,Jitter ddp,Shimmer local,Shimmer local dB,Shimmer apq3,Shimmer apq5,Shimmer apq11,Shimmer dda,Mean autocorrelation,Mean NHR,Mean HNR,Audio Length
--undefined-- ,--undefined-- ,--undefined-- ,--undefined-- ,44.794081392187785,67.24273076698852,30.90151668443702,1,0,--undefined-- ,--undefined-- ,98.780,0,0,--undefined--,--undefined-- ,--undefined--,--undefined--,--undefined--,--undefined--,--undefined--,--undefined--,--undefined--,--undefined--,--undefined--,--undefined--,--undefined--,--undefined--,0.8509791666666666
201.851 ,130.161 ,142.432 ,595.259 ,62.694409415072535,86.82425358450205,27.032338662877976,231,219,5.168143E-3 ,2.083966E-3 ,49.624,5,15.437,2.343,121.082E-6 ,1.207,1.424,3.621,15.326,1.395 ,7.997,11.518,16.376,23.990,0.777236,0.332548,6.218 ,2.6989791666666667
204.574 ,152.737 ,101.686 ,462.352 ,59.94964978356179,69.67965905047937,37.20404654136388,37,32,5.013156E-3 ,3.161956E-3 ,54.000,1,23.131,2.960,148.368E-6 ,1.367,1.612,4.102,18.076,1.581 ,7.540,14.379,--undefined--,22.621,0.682765,0.519506,3.702 ,0.5389791666666667
132.135 ,16.723 ,117.224 ,164.304 ,32.95702741559026,73.5145708476106,14.701867276291619,19,17,7.748811E-3 ,1.049503E-3 ,92.000,1,4.224,4.213,326.444E-6 ,2.420,2.882,7.259,15.521,1.140 ,10.979,11.490,--undefined--,32.936,0.653273,0.607715,2.962 ,2.5309791666666666
