Mean pitch,Standard deviation,Minimum pitch,Maximum pitch,Mean intensity,Minimum intensity,Maximum intensity,Number of pulses,Number of periods,Mean period,Standard deviation of period,Fraction of unvoiced,Number of voice breaks,Degree of voice breaks,Jitter local,Jitter local absolute,Jitter rap,Jitter ppq5,Jitter ddp,Shimmer local,Shimmer local dB,Shimmer apq3,Shimmer apq5,Shimmer apq11,Shimmer dda,Mean autocorrelation,Mean NHR,Mean HNR,Audio Length
150.226 ,102.814 ,75.930 ,593.070 ,57.6829830023419,83.5256587336565,15.638620252095638,603,554,6.710825E-3 ,3.102930E-3 ,64.365,40,58.351,2.612,175.258E-6 ,1.211,1.324,3.632,16.883,1.429 ,8.013,11.787,15.118,24.038,0.706778,0.469374,4.287 ,14.519637188208616
102.814 ,36.324 ,80.178 ,536.095 ,60.813354139008304,79.5381557708921,10.743421809738102,339,316,9.757176E-3 ,1.719174E-3 ,58.754,22,60.000,1.709,166.773E-6 ,0.732,0.975,2.196,14.292,1.287 ,7.116,9.052,11.865,21.347,0.725112,0.432983,4.645 ,9.347392290249433
227.657 ,49.120 ,148.796 ,545.403 ,68.67822628573931,88.62208395820176,8.014128714681517,1002,981,4.433714E-3 ,0.786587E-3 ,34.211,14,17.808,2.120,94.017E-6 ,1.091,1.166,3.272,14.208,1.351 ,6.509,8.572,14.429,19.528,0.831646,0.250260,8.649 ,7.257596371882086
185.631 ,15.547 ,90.584 ,246.159 ,70.0240568092955,87.84499626097858,9.0224874731354,1936,1886,5.397193E-3 ,0.529569E-3 ,28.847,36,29.655,2.004,108.137E-6 ,1.023,1.132,3.070,15.385,1.413 ,7.644,10.201,15.631,22.931,0.799564,0.300164,7.065 ,15.56453514739229
194.164 ,36.747 ,76.316 ,503.897 ,67.97983046375558,88.58012056264123,4.781557186856837,2388,2319,5.165218E-3 ,0.868929E-3 ,36.204,51,25.332,2.340,120.843E-6 ,1.244,1.357,3.732,15.775,1.432 ,7.664,11.007,16.045,22.991,0.790714,0.319167,6.880 ,20.580045351473924
182.500 ,34.840 ,82.794 ,219.230 ,53.9971658767204,89.89462548222332,3.5322234234200742,322,313,5.475161E-3 ,1.360682E-3 ,71.802,7,10.031,2.447,133.958E-6 ,1.360,1.418,4.081,13.554,1.291 ,6.319,8.403,13.723,18.958,0.800537,0.315233,7.752 ,7.30984126984127
