Mean pitch,Standard deviation,Minimum pitch,Maximum pitch,Mean intensity,Minimum intensity,Maximum intensity,Number of pulses,Number of periods,Mean period,Standard deviation of period,Fraction of unvoiced,Number of voice breaks,Degree of voice breaks,Jitter local,Jitter local absolute,Jitter rap,Jitter ppq5,Jitter ddp,Shimmer local,Shimmer local dB,Shimmer apq3,Shimmer apq5,Shimmer apq11,Shimmer dda,Mean autocorrelation,Mean NHR,Mean HNR,Audio Length
187.567 ,32.492 ,77.536 ,379.971 ,48.45166801981537,70.30922087133693,29.576929579588093,1825,1759,5.338575E-3 ,1.094960E-3 ,46.867,47,52.389,2.273,121.347E-6 ,1.096,1.016,3.288,9.755,0.940 ,4.442,5.773,8.178,13.326,0.889268,0.164202,12.518 ,20.309092970521544
185.671 ,35.094 ,74.655 ,262.415 ,47.899870720020154,69.1909647170834,26.714803598145078,1096,1058,5.384713E-3 ,1.239374E-3 ,46.880,29,49.687,2.297,123.698E-6 ,1.142,1.069,3.427,10.104,0.977 ,4.378,5.839,8.989,13.134,0.892250,0.157953,12.494 ,11.897664399092971
184.218 ,41.330 ,75.155 ,250.296 ,50.94459625420648,69.69470342773838,27.856473370375117,661,633,5.405269E-3 ,1.550512E-3 ,32.762,19,31.373,2.094,113.185E-6 ,0.971,0.861,2.914,9.402,0.924 ,4.359,5.671,8.164,13.077,0.877772,0.184067,11.679 ,5.863378684807256
169.413 ,41.338 ,79.230 ,217.078 ,53.30311254717234,64.42481274327014,28.614655247070434,254,247,5.884531E-3 ,1.843870E-3 ,24.057,5,25.181,1.903,112.004E-6 ,0.928,0.926,2.783,8.468,0.783 ,4.167,5.202,7.421,12.500,0.905225,0.141822,13.197 ,2.1539909297052153
156.806 ,45.658 ,81.900 ,581.488 ,44.416338009663086,72.61692906546354,20.156434291253113,401,378,6.349084E-3 ,1.881939E-3 ,56.836,19,61.666,2.560,162.565E-6 ,1.309,0.992,3.926,9.454,1.040 ,4.262,5.873,8.207,12.785,0.887465,0.155600,11.890 ,6.542562358276644
