Mean pitch,Standard deviation,Minimum pitch,Maximum pitch,Mean intensity,Minimum intensity,Maximum intensity,Number of pulses,Number of periods,Mean period,Standard deviation of period,Fraction of unvoiced,Number of voice breaks,Degree of voice breaks,Jitter local,Jitter local absolute,Jitter rap,Jitter ppq5,Jitter ddp,Shimmer local,Shimmer local dB,Shimmer apq3,Shimmer apq5,Shimmer apq11,Shimmer dda,Mean autocorrelation,Mean NHR,Mean HNR,Audio Length
124.725 ,30.720 ,93.198 ,175.292 ,46.66391262730326,58.981018696808746,41.916966369310856,26,21,7.884840E-3 ,2.300059E-3 ,57.595,4,79.607,7.732,609.624E-6 ,4.104,4.855,12.312,23.460,2.056 ,3.161,--undefined--,--undefined--,9.484,0.643693,0.586796,2.721 ,1.6189791666666666
145.780 ,23.028 ,76.150 ,184.242 ,60.209927003519596,89.1718499454083,24.168085770504632,101,99,6.895025E-3 ,1.381681E-3 ,61.714,1,3.760,2.842,195.985E-6 ,1.560,1.826,4.681,16.222,1.560 ,7.986,12.136,14.006,23.958,0.700664,0.510574,4.101 ,1.7869791666666666
131.507 ,15.313 ,74.973 ,169.357 ,78.3522655307954,89.19365138398909,57.16047040736171,241,226,7.609271E-3 ,1.039819E-3 ,24.324,13,31.419,3.280,249.567E-6 ,1.585,2.075,4.755,14.943,1.428 ,6.705,9.957,13.221,20.115,0.721057,0.483064,4.852 ,2.6269791666666666
125.540 ,10.138 ,110.456 ,148.879 ,68.16197635813538,87.34590828430856,22.11535670278719,97,91,8.006306E-3 ,0.710482E-3 ,39.231,4,10.654,2.345,187.776E-6 ,1.229,1.972,3.688,14.581,1.456 ,5.317,9.121,12.122,15.951,0.753833,0.412388,5.804 ,1.3309791666666666
133.428 ,34.983 ,97.763 ,388.203 ,73.85796290485521,88.0235451356217,42.09411587652936,275,265,7.539278E-3 ,1.280720E-3 ,21.223,9,24.187,1.941,146.360E-6 ,0.834,1.164,2.503,15.259,1.374 ,6.817,10.671,16.964,20.452,0.799091,0.300131,7.314 ,2.818979166666667
120.117 ,21.005 ,86.471 ,289.341 ,67.26970118394931,83.18723536269982,39.29566327830588,201,191,8.413971E-3 ,1.077450E-3 ,30.916,9,20.119,2.742,230.684E-6 ,1.351,1.891,4.052,14.562,1.256 ,6.821,8.828,10.490,20.462,0.766031,0.361681,6.176 ,2.6509791666666667
117.502 ,15.141 ,92.802 ,145.472 ,59.85243369018713,82.39282871459122,9.295256435927875,31,29,8.471655E-3 ,1.142614E-3 ,60.976,1,9.599,3.086,261.433E-6 ,1.230,1.644,3.691,17.163,1.534 ,8.260,10.817,--undefined--,24.781,0.674747,0.541572,3.448 ,0.8509791666666666
