Mean pitch,Standard deviation,Minimum pitch,Maximum pitch,Mean intensity,Minimum intensity,Maximum intensity,Number of pulses,Number of periods,Mean period,Standard deviation of period,Fraction of unvoiced,Number of voice breaks,Degree of voice breaks,Jitter local,Jitter local absolute,Jitter rap,Jitter ppq5,Jitter ddp,Shimmer local,Shimmer local dB,Shimmer apq3,Shimmer apq5,Shimmer apq11,Shimmer dda,Mean autocorrelation,Mean NHR,Mean HNR,Audio Length
221.838 ,76.145 ,109.748 ,396.697 ,59.708520711640745,77.0154775260099,42.65450457836004,320,308,4.510505E-3 ,1.435730E-3 ,34.800,8,33.149,2.008,90.573E-6 ,0.900,1.018,2.700,16.260,1.404 ,7.053,10.966,19.570,21.160,0.775036,0.345876,6.199 ,2.5309791666666666
176.004 ,37.612 ,134.593 ,280.369 ,41.771890898539084,68.1090449976382,27.490131875355694,56,53,5.671512E-3 ,1.083833E-3 ,65.574,2,17.429,2.856,161.974E-6 ,1.488,1.658,4.465,17.518,1.345 ,9.884,19.930,38.070,29.651,0.719832,0.426019,4.471 ,1.2589791666666668
194.281 ,90.729 ,125.135 ,589.386 ,64.00684592023434,74.1378881585929,37.51100413373341,425,413,5.192259E-3 ,1.599597E-3 ,19.799,7,23.931,1.488,77.261E-6 ,0.668,0.775,2.004,11.658,1.184 ,4.964,7.065,9.818,14.892,0.837244,0.238691,8.940 ,3.0109791666666665
--undefined--,--undefined--,--undefined--,--undefined--,--undefined--,--undefined--,--undefined--,--undefined--,--undefined--,--undefined--,--undefined--,--undefined--,--undefined--,--undefined--,--undefined--,--undefined--,--undefined--,--undefined--,--undefined--,--undefined--,--undefined--,--undefined--,--undefined--,--undefined--,--undefined--,--undefined--,--undefined--,--undefined--,--undefined--
193.815 ,110.071 ,81.404 ,595.576 ,63.57393155914069,75.56699622273362,43.5257337747239,662,636,5.182310E-3 ,2.529096E-3 ,23.651,18,25.789,3.368,174.528E-6 ,1.664,1.719,4.993,17.969,1.562 ,9.142,12.978,16.254,27.427,0.682306,0.532881,3.735 ,4.858979166666667
166.952 ,37.225 ,97.631 ,560.086 ,51.60898619927605,79.7167353838792,32.65297199140665,707,689,5.993457E-3 ,1.017823E-3 ,62.353,13,14.503,1.523,91.273E-6 ,0.656,0.774,1.967,10.649,0.972 ,4.723,6.635,10.097,14.168,0.846916,0.221549,9.262 ,11.938979166666666
