Mean pitch,Standard deviation,Minimum pitch,Maximum pitch,Mean intensity,Minimum intensity,Maximum intensity,Number of pulses,Number of periods,Mean period,Standard deviation of period,Fraction of unvoiced,Number of voice breaks,Degree of voice breaks,Jitter local,Jitter local absolute,Jitter rap,Jitter ppq5,Jitter ddp,Shimmer local,Shimmer local dB,Shimmer apq3,Shimmer apq5,Shimmer apq11,Shimmer dda,Mean autocorrelation,Mean NHR,Mean HNR,Audio Length
171.171 ,24.288 ,114.914 ,214.494 ,65.07615065904236,80.1332084546644,45.338818956476615,82,76,5.854879E-3 ,0.962704E-3 ,57.647,5,47.135,4.051,237.193E-6 ,2.102,1.891,6.306,14.624,1.279 ,5.842,11.502,15.162,17.527,0.734238,0.435785,5.497 ,1.736031746031746
99.024 ,16.534 ,75.995 ,140.647 ,69.55838376318277,79.01688394541617,55.64378425570973,61,54,10.047874E-3 ,1.631085E-3 ,52.096,6,58.130,2.729,274.214E-6 ,1.275,1.261,3.824,19.041,1.501 ,7.614,9.454,--undefined--,22.843,0.635540,0.636431,2.567 ,1.709909297052154
110.366 ,--undefined-- ,110.366 ,110.366 ,56.67905776075756,70.1727231867189,51.83375565691121,2,1,8.906280E-3 ,--undefined-- ,84.559,0,0,--undefined--,--undefined-- ,--undefined--,--undefined--,--undefined--,--undefined--,--undefined--,--undefined--,--undefined--,--undefined--,--undefined--,0.631147,0.584416,2.333 ,1.396439909297052
145.426 ,44.379 ,106.677 ,460.415 ,71.56206077776486,78.7792320720854,52.559956528917525,231,224,6.891441E-3 ,1.583299E-3 ,15.942,6,23.437,2.014,138.820E-6 ,1.114,1.363,3.341,15.391,1.314 ,7.740,10.109,18.588,23.219,0.780344,0.338657,6.886 ,2.101746031746032
148.188 ,64.931 ,118.256 ,465.889 ,72.4492098237338,79.35151764101312,57.431004829514904,340,323,6.879872E-3 ,1.700521E-3 ,19.142,10,24.572,1.558,107.219E-6 ,0.723,0.843,2.168,16.433,1.400 ,7.434,10.758,19.356,22.301,0.826341,0.253460,8.307 ,3.06827664399093
158.494 ,71.913 ,126.801 ,431.984 ,60.657973544493714,78.88946179745423,47.79569685883373,118,113,6.559070E-3 ,1.664897E-3 ,60.396,4,29.372,1.608,105.500E-6 ,0.714,0.882,2.141,16.905,1.480 ,7.467,11.282,16.886,22.400,0.753241,0.397502,5.878 ,3.06827664399093
--undefined-- ,--undefined-- ,--undefined-- ,--undefined-- ,51.9482731522597,54.697310636585854,46.6094098095345,1,0,--undefined-- ,--undefined-- ,84.507,0,0,--undefined--,--undefined-- ,--undefined--,--undefined--,--undefined--,--undefined--,--undefined--,--undefined--,--undefined--,--undefined--,--undefined--,--undefined--,--undefined--,--undefined--,0.7433786848072562
