Mean pitch,Standard deviation,Minimum pitch,Maximum pitch,Mean intensity,Minimum intensity,Maximum intensity,Number of pulses,Number of periods,Mean period,Standard deviation of period,Fraction of unvoiced,Number of voice breaks,Degree of voice breaks,Jitter local,Jitter local absolute,Jitter rap,Jitter ppq5,Jitter ddp,Shimmer local,Shimmer local dB,Shimmer apq3,Shimmer apq5,Shimmer apq11,Shimmer dda,Mean autocorrelation,Mean NHR,Mean HNR,Audio Length
123.522 ,1.787 ,120.675 ,125.397 ,40.34977194652631,60.7554125271723,18.66473023204708,6,5,8.029216E-3 ,0.074067E-3 ,91.489,0,0,1.150,92.367E-6 ,0.633,0.136,1.899,43.796,3.335 ,--undefined--,--undefined--,--undefined--,--undefined--,0.534386,0.878410,0.601 ,0.9784807256235828
134.415 ,16.857 ,90.617 ,166.547 ,64.42850072348436,80.01262077657323,15.851655605584927,168,162,7.407495E-3 ,1.004992E-3 ,28.000,3,24.675,2.586,191.591E-6 ,1.208,1.448,3.625,14.608,1.257 ,6.013,9.402,14.138,18.039,0.785815,0.348229,6.927 ,1.7882766439909297
125.463 ,80.797 ,74.507 ,459.645 ,58.54170971869176,79.10132185030935,24.74494649978268,378,356,8.150869E-3 ,3.106342E-3 ,36.462,16,44.724,3.618,294.902E-6 ,1.637,2.164,4.911,15.564,1.384 ,7.329,9.630,15.828,21.988,0.767614,0.368894,6.561 ,5.576031746031746
111.044 ,78.071 ,75.192 ,575.975 ,47.681608996709464,78.0763119499734,21.066761610001805,230,208,9.363598E-3 ,3.075282E-3 ,58.007,12,31.446,2.367,221.649E-6 ,0.879,1.218,2.636,14.372,1.276 ,6.369,9.608,16.712,19.107,0.822490,0.258816,8.442 ,5.654399092970522
