Mean pitch,Standard deviation,Minimum pitch,Maximum pitch,Mean intensity,Minimum intensity,Maximum intensity,Number of pulses,Number of periods,Mean period,Standard deviation of period,Fraction of unvoiced,Number of voice breaks,Degree of voice breaks,Jitter local,Jitter local absolute,Jitter rap,Jitter ppq5,Jitter ddp,Shimmer local,Shimmer local dB,Shimmer apq3,Shimmer apq5,Shimmer apq11,Shimmer dda,Mean autocorrelation,Mean NHR,Mean HNR,Audio Length
150.350 ,30.407 ,101.727 ,199.535 ,48.065601531742395,79.20943128879406,8.837720247194516,29,26,6.565974E-3 ,1.361597E-3 ,59.459,2,8.574,6.797,446.267E-6 ,4.163,4.826,12.489,18.271,1.667 ,7.621,10.048,27.358,22.862,0.666425,0.551234,3.307 ,0.7792290249433107
--undefined-- ,--undefined-- ,--undefined-- ,--undefined-- ,26.19703133929297,31.76104739922859,-0.6001159998754121,1,0,--undefined-- ,--undefined-- ,98.276,0,0,--undefined--,--undefined-- ,--undefined--,--undefined--,--undefined--,--undefined--,--undefined--,--undefined--,--undefined--,--undefined--,--undefined--,--undefined--,--undefined--,--undefined--,1.19718820861678
137.786 ,66.273 ,92.421 ,576.168 ,60.72654945800605,83.86398428387862,16.896593635956446,540,524,7.323525E-3 ,1.861016E-3 ,36.697,12,37.324,1.787,130.875E-6 ,0.836,1.018,2.508,15.926,1.356 ,7.775,9.686,14.006,23.326,0.841093,0.222180,8.439 ,6.5784126984126985
127.663 ,10.427 ,102.967 ,165.839 ,64.59448079521187,76.89705548791082,0.6159507656500934,433,424,7.842212E-3 ,0.645419E-3 ,16.509,7,16.234,1.466,114.943E-6 ,0.714,0.851,2.141,13.349,1.198 ,6.375,8.742,13.251,19.125,0.847769,0.210329,8.820 ,4.279637188208617
114.289 ,17.040 ,77.218 ,243.312 ,56.62848148369913,76.69301459804238,17.431604593619294,491,472,8.781844E-3 ,1.035979E-3 ,34.211,18,35.012,1.597,140.234E-6 ,0.717,0.834,2.151,14.377,1.273 ,6.590,8.945,11.116,19.770,0.805312,0.284374,7.249 ,7.257596371882086
116.205 ,22.237 ,88.615 ,417.605 ,55.541093599990226,77.79822335425037,10.177096311286585,602,584,8.631804E-3 ,1.107640E-3 ,35.098,15,35.662,1.654,142.729E-6 ,0.817,0.987,2.452,16.173,1.414 ,8.057,9.775,13.043,24.170,0.814102,0.267065,7.489 ,8.720453514739228
