Mean pitch,Standard deviation,Minimum pitch,Maximum pitch,Mean intensity,Minimum intensity,Maximum intensity,Number of pulses,Number of periods,Mean period,Standard deviation of period,Fraction of unvoiced,Number of voice breaks,Degree of voice breaks,Jitter local,Jitter local absolute,Jitter rap,Jitter ppq5,Jitter ddp,Shimmer local,Shimmer local dB,Shimmer apq3,Shimmer apq5,Shimmer apq11,Shimmer dda,Mean autocorrelation,Mean NHR,Mean HNR,Audio Length
267.203 ,32.363 ,229.067 ,330.103 ,56.64127174189773,67.8890127263784,32.87105491239003,128,124,3.755561E-3 ,0.448071E-3 ,24.286,2,13.465,1.846,69.333E-6 ,0.957,0.852,2.871,7.598,0.836 ,3.314,4.307,6.150,9.941,0.873561,0.181525,10.691 ,0.7309791666666666
141.373 ,89.663 ,75.513 ,582.872 ,74.42246235945592,83.97833256048143,39.47283141179723,530,499,7.193795E-3 ,2.971508E-3 ,26.038,20,27.114,2.766,198.971E-6 ,1.387,1.726,4.160,16.637,1.375 ,8.529,10.444,13.161,25.588,0.790443,0.317555,6.996 ,5.338979166666666
166.513 ,150.581 ,80.661 ,580.352 ,67.05937343600719,77.70187402346426,35.71818052580123,296,277,6.148061E-3 ,4.023029E-3 ,38.757,11,32.390,3.753,230.750E-6 ,1.761,1.998,5.282,16.354,1.456 ,8.215,9.531,13.465,24.644,0.767666,0.366616,6.417 ,3.4189791666666665
96.276 ,6.049 ,88.836 ,107.218 ,63.57917957116184,76.54456232651972,34.76273590324513,15,13,10.368473E-3 ,0.609816E-3 ,38.462,1,5.854,2.474,256.467E-6 ,1.022,1.244,3.066,20.179,1.874 ,11.096,7.685,--undefined--,33.289,0.695361,0.499038,3.972 ,0.2989791666666667
152.723 ,141.506 ,81.925 ,588.265 ,59.65321118873976,78.71953282631294,33.57465335728554,93,86,6.565304E-3 ,4.139677E-3 ,52.000,6,29.862,5.340,350.555E-6 ,2.662,2.421,7.987,20.161,1.691 ,9.557,13.113,22.423,28.670,0.742310,0.408736,5.737 ,1.7869791666666666
178.404 ,127.040 ,97.688 ,390.839 ,53.77744386341209,70.95788644824526,19.640094575098917,24,20,6.087452E-3 ,3.542302E-3 ,69.512,2,18.672,2.791,169.907E-6 ,1.447,1.152,4.340,22.838,1.171 ,12.537,15.430,--undefined--,37.612,0.608627,0.674146,1.991 ,0.8509791666666666
