Mean pitch,Standard deviation,Minimum pitch,Maximum pitch,Mean intensity,Minimum intensity,Maximum intensity,Number of pulses,Number of periods,Mean period,Standard deviation of period,Fraction of unvoiced,Number of voice breaks,Degree of voice breaks,Jitter local,Jitter local absolute,Jitter rap,Jitter ppq5,Jitter ddp,Shimmer local,Shimmer local dB,Shimmer apq3,Shimmer apq5,Shimmer apq11,Shimmer dda,Mean autocorrelation,Mean NHR,Mean HNR,Audio Length
--undefined-- ,--undefined-- ,--undefined-- ,--undefined-- ,21.65498762417222,39.90106216418258,3.763328796700607,1,0,--undefined-- ,--undefined-- ,100.000,0,0,--undefined--,--undefined-- ,--undefined--,--undefined--,--undefined--,--undefined--,--undefined--,--undefined--,--undefined--,--undefined--,--undefined--,--undefined--,--undefined--,--undefined--,0.15229024943310657
--undefined-- ,--undefined-- ,--undefined-- ,--undefined-- ,24.991633361329672,48.080425790415475,8.671617567033792,1,0,--undefined-- ,--undefined-- ,95.312,0,0,--undefined--,--undefined-- ,--undefined--,--undefined--,--undefined--,--undefined--,--undefined--,--undefined--,--undefined--,--undefined--,--undefined--,--undefined--,--undefined--,--undefined--,0.6747392290249433
182.206 ,40.779 ,130.528 ,460.154 ,63.744423163884605,86.87377730899635,-6.636612163501394,474,463,5.478434E-3 ,0.931377E-3 ,35.402,7,15.379,1.911,104.698E-6 ,0.990,1.126,2.970,16.172,1.496 ,7.317,10.897,16.352,21.951,0.780122,0.335167,6.598 ,4.3841269841269845
188.496 ,79.966 ,100.351 ,568.154 ,67.22515364351213,84.46162990467653,20.39306878125732,486,466,5.395497E-3 ,1.585132E-3 ,30.653,13,23.396,2.631,141.982E-6 ,1.347,1.571,4.040,17.378,1.604 ,8.095,12.979,26.605,24.284,0.750838,0.397092,5.596 ,4.018412698412698
166.882 ,56.170 ,114.339 ,599.629 ,64.08416145079525,84.12035221137423,5.219197871858295,598,577,6.013486E-3 ,1.447192E-3 ,35.599,16,31.465,2.364,142.146E-6 ,1.277,1.485,3.832,15.829,1.386 ,8.031,11.204,14.497,24.094,0.774193,0.352131,6.577 ,6.212698412698413
143.769 ,8.930 ,130.263 ,163.253 ,42.426156272289965,81.33389210497847,-1.7011420061916074,57,54,6.981201E-3 ,0.424070E-3 ,72.821,2,5.771,1.446,100.933E-6 ,0.687,0.903,2.060,16.789,1.481 ,8.075,10.728,13.276,24.224,0.744383,0.387252,5.188 ,1.9808616780045352
