Mean pitch,Standard deviation,Minimum pitch,Maximum pitch,Mean intensity,Minimum intensity,Maximum intensity,Number of pulses,Number of periods,Mean period,Standard deviation of period,Fraction of unvoiced,Number of voice breaks,Degree of voice breaks,Jitter local,Jitter local absolute,Jitter rap,Jitter ppq5,Jitter ddp,Shimmer local,Shimmer local dB,Shimmer apq3,Shimmer apq5,Shimmer apq11,Shimmer dda,Mean autocorrelation,Mean NHR,Mean HNR,Audio Length
--undefined-- ,--undefined-- ,--undefined-- ,--undefined-- ,31.855350542455604,51.07965953839896,23.803314272172813,1,0,--undefined-- ,--undefined-- ,98.605,0,0,--undefined--,--undefined-- ,--undefined--,--undefined--,--undefined--,--undefined--,--undefined--,--undefined--,--undefined--,--undefined--,--undefined--,--undefined--,--undefined--,--undefined--,2.180113378684807
170.734 ,40.714 ,84.585 ,272.067 ,54.63367522555297,82.70140198356016,27.953462069343846,406,393,5.845419E-3 ,1.466683E-3 ,49.798,7,6.705,2.268,132.580E-6 ,0.940,1.134,2.821,12.218,1.215 ,4.690,7.698,15.409,14.069,0.835510,0.236450,8.625 ,4.975215419501134
162.355 ,47.837 ,83.037 ,370.307 ,62.95509477228977,81.81654899138529,29.38520186402244,843,814,6.212758E-3 ,1.686418E-3 ,30.494,18,27.151,2.217,137.760E-6 ,0.924,1.060,2.771,12.854,1.237 ,5.669,8.327,14.702,17.006,0.828662,0.259669,8.873 ,8.136031746031746
161.779 ,23.709 ,76.541 ,217.214 ,68.40569541714892,81.8548742060135,26.329225880046522,412,405,6.173406E-3 ,0.914882E-3 ,19.578,6,21.874,1.848,114.106E-6 ,0.822,0.936,2.467,12.364,1.177 ,5.018,7.804,13.195,15.053,0.867170,0.188289,10.242 ,3.35562358276644
135.843 ,21.340 ,95.870 ,183.160 ,67.5081434268611,77.33141644478746,41.79636173305297,105,103,7.399560E-3 ,1.157568E-3 ,8.046,0,0,2.257,166.984E-6 ,0.924,1.113,2.771,14.450,1.388 ,6.280,11.102,17.560,18.839,0.847561,0.229298,9.462 ,0.9001133786848072
