Mean pitch,Standard deviation,Minimum pitch,Maximum pitch,Mean intensity,Minimum intensity,Maximum intensity,Number of pulses,Number of periods,Mean period,Standard deviation of period,Fraction of unvoiced,Number of voice breaks,Degree of voice breaks,Jitter local,Jitter local absolute,Jitter rap,Jitter ppq5,Jitter ddp,Shimmer local,Shimmer local dB,Shimmer apq3,Shimmer apq5,Shimmer apq11,Shimmer dda,Mean autocorrelation,Mean NHR,Mean HNR,Audio Length
268.136 ,9.561 ,261.375 ,274.896 ,45.538365254042645,78.02041131518394,34.88000467185313,7,6,3.794359E-3 ,0.213006E-3 ,95.181,0,0,5.641,214.049E-6 ,4.159,6.382,12.476,26.139,1.739 ,8.314,--undefined--,--undefined--,24.942,0.618142,0.649031,2.161 ,1.6909791666666667
134.107 ,25.633 ,81.026 ,159.949 ,53.475137452372195,83.48316478681126,29.240589979114322,39,37,7.387279E-3 ,1.615788E-3 ,70.874,1,5.836,3.761,277.817E-6 ,1.400,2.101,4.200,14.321,1.218 ,7.382,11.026,8.634,22.145,0.708543,0.494210,4.583 ,1.0669791666666666
123.717 ,22.879 ,82.888 ,211.132 ,63.49615086503598,87.14687184367469,36.97580586118172,319,302,8.102626E-3 ,1.445648E-3 ,40.605,15,28.802,2.826,229.006E-6 ,1.111,1.357,3.332,12.961,1.228 ,5.200,7.376,15.800,15.601,0.804280,0.298678,7.710 ,4.666979166666667
127.464 ,23.116 ,77.762 ,166.085 ,67.97905358102172,85.84833873360384,45.70182801023549,214,206,7.912377E-3 ,1.541410E-3 ,28.340,7,27.895,3.497,276.662E-6 ,1.554,1.869,4.661,12.707,1.166 ,4.940,7.828,15.680,14.820,0.803090,0.324119,7.869 ,2.5069791666666665
127.033 ,26.980 ,77.108 ,220.512 ,61.46676383425967,88.33834815673363,34.07703092161836,244,232,7.921113E-3 ,1.619116E-3 ,45.405,9,30.017,2.933,232.289E-6 ,1.229,1.490,3.688,11.318,1.100 ,5.067,6.747,14.844,15.200,0.799467,0.323209,7.819 ,3.7309791666666667
143.167 ,28.561 ,76.177 ,191.944 ,64.8050449140208,84.35605945189641,26.90130544630741,313,305,7.019109E-3 ,1.510329E-3 ,32.209,7,30.440,2.409,169.103E-6 ,0.980,1.299,2.939,10.724,1.043 ,4.192,6.405,10.787,12.575,0.846050,0.231491,10.128 ,3.298979166666667
