Mean pitch,Standard deviation,Minimum pitch,Maximum pitch,Mean intensity,Minimum intensity,Maximum intensity,Number of pulses,Number of periods,Mean period,Standard deviation of period,Fraction of unvoiced,Number of voice breaks,Degree of voice breaks,Jitter local,Jitter local absolute,Jitter rap,Jitter ppq5,Jitter ddp,Shimmer local,Shimmer local dB,Shimmer apq3,Shimmer apq5,Shimmer apq11,Shimmer dda,Mean autocorrelation,Mean NHR,Mean HNR,Audio Length
151.312 ,11.401 ,134.464 ,167.177 ,37.16042179254578,72.77495546568696,-23.44937489294429,23,21,6.611732E-3 ,0.514966E-3 ,85.606,1,7.981,2.256,149.175E-6 ,0.815,0.866,2.446,15.492,1.401 ,8.298,9.509,--undefined--,24.893,0.696551,0.492010,4.210 ,1.3539229024943311
163.904 ,24.259 ,126.302 ,219.227 ,23.14501162257536,64.9486278519751,-35.65311468214191,53,50,6.113368E-3 ,0.920920E-3 ,86.905,2,8.355,1.939,118.565E-6 ,0.683,0.794,2.050,16.932,1.514 ,6.040,11.704,30.907,18.119,0.722841,0.436505,4.738 ,2.5555555555555554
137.014 ,25.692 ,108.392 ,340.692 ,63.518617096409734,78.55917937301273,-11.580767696962074,690,671,7.320882E-3 ,1.165432E-3 ,24.187,18,23.125,1.804,132.078E-6 ,0.860,1.014,2.581,12.748,1.127 ,5.837,7.804,10.991,17.512,0.821451,0.266497,8.302 ,7.100861678004535
120.744 ,7.290 ,92.771 ,139.592 ,61.11944176061041,74.52320192399642,28.321378630004162,392,381,8.290928E-3 ,0.547935E-3 ,31.325,10,26.329,1.492,123.728E-6 ,0.664,0.743,1.992,11.060,0.947 ,5.144,6.398,9.334,15.432,0.859221,0.201511,10.191 ,5.011065759637188
111.331 ,8.579 ,93.102 ,123.123 ,39.34857780641188,73.9454967798818,5.788058968448048,43,39,9.035214E-3 ,0.774326E-3 ,89.516,3,4.143,2.533,228.828E-6 ,1.341,1.196,4.023,13.725,1.132 ,7.256,9.767,24.178,21.767,0.672966,0.573634,3.595 ,3.75718820861678
