Mean pitch,Standard deviation,Minimum pitch,Maximum pitch,Mean intensity,Minimum intensity,Maximum intensity,Number of pulses,Number of periods,Mean period,Standard deviation of period,Fraction of unvoiced,Number of voice breaks,Degree of voice breaks,Jitter local,Jitter local absolute,Jitter rap,Jitter ppq5,Jitter ddp,Shimmer local,Shimmer local dB,Shimmer apq3,Shimmer apq5,Shimmer apq11,Shimmer dda,Mean autocorrelation,Mean NHR,Mean HNR,Audio Length
138.354 ,59.348 ,91.426 ,282.420 ,42.380618419470245,76.80127608174745,24.405627388764568,81,72,7.487750E-3 ,2.562791E-3 ,75.273,3,32.375,3.480,260.608E-6 ,1.495,1.731,4.486,13.456,1.282 ,7.018,9.058,7.498,21.055,0.777475,0.345250,6.739 ,2.7809297052154194
109.227 ,31.956 ,77.999 ,314.509 ,62.63994804250099,78.7824782843586,27.386643566819004,880,832,9.158643E-3 ,1.914050E-3 ,39.477,38,30.876,2.201,201.610E-6 ,0.988,1.248,2.965,14.285,1.305 ,6.656,9.168,15.142,19.967,0.794873,0.305274,6.980 ,14.953990929705215
133.619 ,44.177 ,70.527 ,399.414 ,66.17863111611378,76.49824319841971,38.07298459676201,228,216,7.463220E-3 ,1.640616E-3 ,32.584,10,25.757,2.395,178.767E-6 ,1.101,1.284,3.302,14.589,1.307 ,6.777,9.597,17.035,20.330,0.786076,0.336853,6.874 ,2.702562358276644
122.139 ,45.330 ,87.073 ,302.002 ,68.01054455178961,76.36117767922879,39.114140012073825,237,224,8.190078E-3 ,2.294585E-3 ,25.085,10,26.580,2.563,209.906E-6 ,1.071,1.433,3.212,15.056,1.402 ,6.977,9.451,11.620,20.931,0.762524,0.375819,6.117 ,2.9899092970521544
--undefined-- ,--undefined-- ,--undefined-- ,--undefined-- ,33.53063691239136,34.67787243896319,31.775241736907752,1,0,--undefined-- ,--undefined-- ,100.000,0,0,--undefined--,--undefined-- ,--undefined--,--undefined--,--undefined--,--undefined--,--undefined--,--undefined--,--undefined--,--undefined--,--undefined--,--undefined--,--undefined--,--undefined--,0.14256235827664399
160.336 ,115.029 ,75.158 ,582.816 ,61.950416677844586,75.84529858613881,27.91294392735217,124,116,6.312039E-3 ,3.778843E-3 ,36.029,6,28.103,3.234,204.101E-6 ,1.390,1.393,4.171,16.467,1.587 ,9.029,13.411,--undefined--,27.086,0.715464,0.457501,4.629 ,1.396439909297052
