Mean pitch,Standard deviation,Minimum pitch,Maximum pitch,Mean intensity,Minimum intensity,Maximum intensity,Number of pulses,Number of periods,Mean period,Standard deviation of period,Fraction of unvoiced,Number of voice breaks,Degree of voice breaks,Jitter local,Jitter local absolute,Jitter rap,Jitter ppq5,Jitter ddp,Shimmer local,Shimmer local dB,Shimmer apq3,Shimmer apq5,Shimmer apq11,Shimmer dda,Mean autocorrelation,Mean NHR,Mean HNR,Audio Length
--undefined-- ,--undefined-- ,--undefined-- ,--undefined-- ,28.759828390014366,73.54061157967004,17.263575562045787,1,0,--undefined-- ,--undefined-- ,100.000,0,0,--undefined--,--undefined-- ,--undefined--,--undefined--,--undefined--,--undefined--,--undefined--,--undefined--,--undefined--,--undefined--,--undefined--,--undefined--,--undefined--,--undefined--,4.7923582766439905
140.461 ,12.758 ,122.603 ,162.699 ,40.847468383391316,82.12396584078265,18.507713500992345,81,79,7.111313E-3 ,0.648641E-3 ,65.027,1,2.229,2.150,152.868E-6 ,1.014,1.490,3.042,19.143,1.611 ,8.608,15.604,31.872,25.824,0.781157,0.325879,6.353 ,1.8666439909297052
140.114 ,58.535 ,99.644 ,473.862 ,65.91403573546876,83.56969163383873,16.46912681538722,301,293,7.226551E-3 ,1.902738E-3 ,18.182,5,18.200,1.404,101.441E-6 ,0.602,0.745,1.807,15.372,1.368 ,6.301,9.680,13.831,18.904,0.823623,0.248111,7.638 ,2.7809297052154194
166.370 ,128.156 ,98.394 ,596.058 ,59.89657814071278,79.13370281208452,16.652468369482946,339,318,6.211017E-3 ,3.242921E-3 ,31.642,10,29.012,2.748,170.667E-6 ,1.390,1.725,4.171,17.982,1.504 ,8.553,12.184,19.582,25.658,0.743316,0.395805,5.293 ,3.3817460317460317
124.661 ,45.200 ,98.561 ,520.239 ,57.48578000364735,81.78501592604705,22.857070038527404,720,697,8.064200E-3 ,1.566313E-3 ,36.216,19,34.632,1.274,102.716E-6 ,0.577,0.671,1.731,14.706,1.340 ,6.137,8.701,16.648,18.412,0.853189,0.200883,9.267 ,9.860113378684808
