Mean pitch,Standard deviation,Minimum pitch,Maximum pitch,Mean intensity,Minimum intensity,Maximum intensity,Number of pulses,Number of periods,Mean period,Standard deviation of period,Fraction of unvoiced,Number of voice breaks,Degree of voice breaks,Jitter local,Jitter local absolute,Jitter rap,Jitter ppq5,Jitter ddp,Shimmer local,Shimmer local dB,Shimmer apq3,Shimmer apq5,Shimmer apq11,Shimmer dda,Mean autocorrelation,Mean NHR,Mean HNR,Audio Length
183.555 ,17.671 ,161.885 ,209.409 ,55.294167136967744,72.50412840129046,28.579996362981575,30,28,5.439023E-3 ,0.523285E-3 ,55.263,1,12.397,1.541,83.841E-6 ,0.730,0.755,2.191,18.830,1.473 ,7.875,10.071,22.055,23.625,0.642842,0.602412,2.824 ,0.79562358276644
118.840 ,23.977 ,90.846 ,249.787 ,54.797735335802315,75.80867844484797,27.26813308786069,228,215,8.395453E-3 ,1.474322E-3 ,50.478,8,15.889,1.938,162.729E-6 ,0.982,0.937,2.946,16.461,1.414 ,8.253,10.096,15.690,24.759,0.710011,0.464415,4.290 ,4.21766439909297
115.128 ,81.128 ,74.967 ,566.373 ,64.7744659595285,76.21707406379198,37.271603156161966,690,630,8.791268E-3 ,3.301739E-3 ,30.682,48,44.342,2.754,242.081E-6 ,1.404,1.690,4.213,17.911,1.464 ,8.857,13.153,18.984,26.572,0.719526,0.455231,4.782 ,10.59154195011338
124.319 ,121.255 ,80.373 ,597.342 ,63.8343944951014,75.09891580188243,34.2228054844517,167,154,8.351995E-3 ,4.133443E-3 ,38.983,9,46.780,2.508,209.442E-6 ,1.200,1.426,3.601,20.941,1.739 ,10.262,15.176,29.272,30.785,0.717367,0.440875,4.530 ,2.9899092970521544
108.384 ,27.855 ,80.463 ,339.781 ,64.04327914820172,75.63601353492948,37.55018888002819,203,190,9.364049E-3 ,1.559535E-3 ,35.277,12,46.230,2.104,196.984E-6 ,1.093,1.079,3.278,15.057,1.379 ,7.280,9.513,11.965,21.839,0.717423,0.459671,4.603 ,3.4601133786848073
138.032 ,120.991 ,75.022 ,568.183 ,62.66654191411426,75.21434689440467,37.84793021629427,447,414,7.626223E-3 ,4.121493E-3 ,38.392,19,35.186,2.662,203.028E-6 ,1.437,1.545,4.311,17.451,1.490 ,8.280,12.346,19.821,24.839,0.758542,0.381726,6.176 ,6.62092970521542
159.086 ,143.708 ,98.748 ,525.753 ,58.79320525772279,73.88658959108302,-0.5061928508577387,42,37,6.069050E-3 ,3.893050E-3 ,55.652,4,44.900,3.114,188.964E-6 ,1.535,2.131,4.606,19.225,2.093 ,10.143,7.206,--undefined--,30.429,0.619631,0.662875,2.252 ,1.1874603174603175
