Mean pitch,Standard deviation,Minimum pitch,Maximum pitch,Mean intensity,Minimum intensity,Maximum intensity,Number of pulses,Number of periods,Mean period,Standard deviation of period,Fraction of unvoiced,Number of voice breaks,Degree of voice breaks,Jitter local,Jitter local absolute,Jitter rap,Jitter ppq5,Jitter ddp,Shimmer local,Shimmer local dB,Shimmer apq3,Shimmer apq5,Shimmer apq11,Shimmer dda,Mean autocorrelation,Mean NHR,Mean HNR,Audio Length
138.353 ,79.636 ,75.752 ,577.784 ,52.3393860949562,76.11586543409442,14.243529540799658,627,575,7.369034E-3 ,3.019855E-3 ,56.740,37,65.019,2.745,202.254E-6 ,1.384,1.517,4.151,18.544,1.574 ,9.363,12.229,18.047,28.089,0.717833,0.449544,4.524 ,12.795555555555556
149.153 ,48.230 ,103.740 ,503.549 ,58.17174500448661,81.00736374763692,23.649299135819316,638,608,6.719545E-3 ,1.607966E-3 ,35.761,24,40.371,2.747,184.564E-6 ,1.463,1.730,4.389,18.391,1.642 ,8.982,13.410,19.423,26.946,0.692297,0.503889,3.938 ,7.727800453514739
128.762 ,13.940 ,112.691 ,176.659 ,57.96611702953287,74.72517718216815,30.35167348126668,117,110,7.754524E-3 ,0.816015E-3 ,35.979,6,34.753,2.005,155.510E-6 ,1.141,1.534,3.422,16.100,1.510 ,7.194,11.395,29.357,21.581,0.669975,0.534553,3.251 ,1.9286167800453515
160.711 ,15.066 ,140.685 ,196.595 ,49.845046773816925,77.82228078360308,0.4247116225233927,150,146,6.250976E-3 ,0.647244E-3 ,52.558,3,6.543,2.305,144.078E-6 ,1.256,1.512,3.768,15.896,1.341 ,8.867,12.078,17.011,26.600,0.674764,0.544975,3.684 ,2.1898412698412697
160.431 ,65.755 ,80.683 ,500.764 ,56.98586428387318,77.26910320353801,14.632623962384264,371,351,6.296681E-3 ,1.769804E-3 ,36.782,16,38.484,3.390,213.487E-6 ,1.814,1.893,5.442,19.121,1.682 ,10.035,13.452,31.858,30.104,0.688104,0.528905,4.009 ,4.3841269841269845
148.841 ,76.895 ,80.228 ,413.830 ,50.731987662783396,68.63429530760058,5.579730760859423,177,166,6.717020E-3 ,2.378793E-3 ,51.692,8,61.300,3.007,201.975E-6 ,1.696,2.067,5.087,19.695,1.766 ,10.020,11.035,28.299,30.060,0.646553,0.599128,2.793 ,3.286984126984127
131.820 ,17.830 ,82.073 ,148.807 ,51.68328065571949,73.7518616370897,24.724443960263347,116,111,7.601843E-3 ,1.232969E-3 ,52.212,4,25.278,2.846,216.385E-6 ,1.701,1.894,5.102,20.795,1.762 ,9.937,14.236,12.069,29.810,0.696064,0.506332,4.079 ,2.294331065759637
