Mean pitch,Standard deviation,Minimum pitch,Maximum pitch,Mean intensity,Minimum intensity,Maximum intensity,Number of pulses,Number of periods,Mean period,Standard deviation of period,Fraction of unvoiced,Number of voice breaks,Degree of voice breaks,Jitter local,Jitter local absolute,Jitter rap,Jitter ppq5,Jitter ddp,Shimmer local,Shimmer local dB,Shimmer apq3,Shimmer apq5,Shimmer apq11,Shimmer dda,Mean autocorrelation,Mean NHR,Mean HNR,Audio Length
228.638 ,118.173 ,156.764 ,454.988 ,37.27118312067368,75.49722475951609,13.657855901556692,103,100,4.392980E-3 ,1.917595E-3 ,80.080,1,1.749,2.152,94.536E-6 ,1.196,1.220,3.588,15.886,1.584 ,7.280,11.587,23.590,21.841,0.764439,0.362083,6.035 ,2.545827664399093
179.568 ,29.730 ,139.635 ,221.975 ,24.84002254770434,68.46608372712146,-50.904624027862084,92,89,5.574442E-3 ,0.927011E-3 ,80.714,2,79.370,1.823,101.612E-6 ,0.868,0.905,2.603,12.426,0.979 ,4.512,6.113,10.488,13.536,0.868508,0.211378,11.073 ,2.8331746031746032
165.904 ,32.096 ,122.154 ,342.072 ,55.539306986984975,77.94490207610329,11.602483449291935,744,724,6.053653E-3 ,1.019534E-3 ,31.511,15,24.997,1.956,118.428E-6 ,1.117,1.295,3.352,19.556,1.671 ,9.213,12.456,18.421,27.640,0.708338,0.478717,4.408 ,6.986643990929705
174.059 ,86.634 ,140.547 ,597.159 ,50.2676908918632,75.13070798922375,26.317357358426072,205,199,5.836023E-3 ,1.680041E-3 ,46.614,4,10.776,2.671,155.883E-6 ,1.439,1.925,4.318,17.104,1.462 ,8.353,11.508,12.257,25.058,0.722750,0.447821,4.748 ,2.545827664399093
