Mean pitch,Standard deviation,Minimum pitch,Maximum pitch,Mean intensity,Minimum intensity,Maximum intensity,Number of pulses,Number of periods,Mean period,Standard deviation of period,Fraction of unvoiced,Number of voice breaks,Degree of voice breaks,Jitter local,Jitter local absolute,Jitter rap,Jitter ppq5,Jitter ddp,Shimmer local,Shimmer local dB,Shimmer apq3,Shimmer apq5,Shimmer apq11,Shimmer dda,Mean autocorrelation,Mean NHR,Mean HNR,Audio Length
193.439 ,52.086 ,130.159 ,557.440 ,51.00297557170072,81.41125977193866,17.14677147657229,1281,1235,5.195509E-3 ,1.222036E-3 ,54.624,42,56.889,1.763,91.588E-6 ,0.623,0.730,1.869,9.653,0.919 ,3.012,4.496,7.915,9.036,0.894798,0.143067,12.023 ,15.178979166666666
153.038 ,27.155 ,93.988 ,197.645 ,42.28524221135367,76.0253229780068,22.214460836989716,106,102,6.482087E-3 ,1.229533E-3 ,68.261,2,4.219,2.482,160.858E-6 ,1.140,1.253,3.420,13.384,1.373 ,6.044,10.063,10.600,18.131,0.717542,0.493169,5.029 ,2.338979166666667
213.229 ,52.211 ,143.062 ,299.610 ,46.513840318186645,82.02526795603589,29.72223461049876,57,52,4.715745E-3 ,1.171017E-3 ,86.383,2,9.204,2.167,102.211E-6 ,0.523,0.611,1.568,9.396,0.790 ,4.543,4.419,7.928,13.630,0.853457,0.202711,9.057 ,2.386979166666667
