Mean pitch,Standard deviation,Minimum pitch,Maximum pitch,Mean intensity,Minimum intensity,Maximum intensity,Number of pulses,Number of periods,Mean period,Standard deviation of period,Fraction of unvoiced,Number of voice breaks,Degree of voice breaks,Jitter local,Jitter local absolute,Jitter rap,Jitter ppq5,Jitter ddp,Shimmer local,Shimmer local dB,Shimmer apq3,Shimmer apq5,Shimmer apq11,Shimmer dda,Mean autocorrelation,Mean NHR,Mean HNR,Audio Length
176.851 ,32.216 ,89.392 ,532.385 ,48.66099328581285,68.43177681100627,18.23434008572763,2684,2627,5.656094E-3 ,0.825341E-3 ,35.546,49,31.990,2.195,124.124E-6 ,1.056,1.145,3.167,9.040,0.840 ,3.752,5.488,9.272,11.257,0.857883,0.204599,9.940 ,24.289433106575963
202.900 ,57.385 ,119.947 ,593.758 ,46.722032240695384,66.827946814151,16.60087173817916,971,940,4.980523E-3 ,1.052457E-3 ,32.133,18,33.168,2.666,132.786E-6 ,1.286,1.539,3.857,8.268,0.775 ,3.376,5.143,9.573,10.127,0.829664,0.263069,8.925 ,7.257596371882086
191.736 ,31.754 ,83.304 ,593.153 ,47.46340237665772,67.75952203229978,14.918023022726622,2737,2683,5.223986E-3 ,0.841542E-3 ,36.068,47,35.047,2.281,119.150E-6 ,1.105,1.252,3.314,10.371,0.952 ,4.505,6.544,10.756,13.515,0.826242,0.260822,8.541 ,22.82657596371882
182.136 ,18.587 ,144.283 ,221.932 ,50.141080326882324,66.88373339421605,1.3762784498720102,349,344,5.489873E-3 ,0.583836E-3 ,18.182,4,11.848,1.885,103.492E-6 ,0.981,1.084,2.942,10.349,0.937 ,3.896,6.287,10.935,11.688,0.849639,0.215024,9.043 ,2.451065759637188
