Mean pitch,Standard deviation,Minimum pitch,Maximum pitch,Mean intensity,Minimum intensity,Maximum intensity,Number of pulses,Number of periods,Mean period,Standard deviation of period,Fraction of unvoiced,Number of voice breaks,Degree of voice breaks,Jitter local,Jitter local absolute,Jitter rap,Jitter ppq5,Jitter ddp,Shimmer local,Shimmer local dB,Shimmer apq3,Shimmer apq5,Shimmer apq11,Shimmer dda,Mean autocorrelation,Mean NHR,Mean HNR,Audio Length
183.391 ,90.849 ,128.741 ,344.350 ,35.041128660852955,59.98291076047431,28.0507669234629,32,29,5.097093E-3 ,2.339820E-3 ,82.014,1,7.173,2.767,141.032E-6 ,1.369,1.199,4.108,16.949,1.327 ,9.946,15.424,--undefined--,29.837,0.700711,0.502953,4.330 ,1.4269791666666667
159.317 ,84.305 ,76.000 ,586.900 ,50.62997871196801,78.21148578996473,23.043553467540807,346,330,6.313110E-3 ,1.880771E-3 ,54.151,12,23.196,1.823,115.109E-6 ,0.868,0.930,2.604,15.330,1.403 ,6.371,8.505,16.177,19.112,0.787148,0.324480,6.769 ,5.338979166666666
138.048 ,48.820 ,106.972 ,577.122 ,57.192509249924804,76.78223234067266,33.081060594073776,497,482,7.243752E-3 ,1.516002E-3 ,32.545,14,35.460,1.325,95.984E-6 ,0.544,0.613,1.633,12.987,1.199 ,5.168,7.505,13.395,15.503,0.806880,0.290750,7.541 ,5.530979166666667
144.001 ,55.410 ,93.929 ,566.787 ,51.990310544543114,73.91415032642693,31.715160849664645,297,283,6.938139E-3 ,1.609702E-3 ,44.924,12,28.930,1.770,122.810E-6 ,0.806,0.922,2.418,15.026,1.312 ,6.056,7.514,16.983,18.168,0.768866,0.365365,6.496 ,3.9709791666666665
149.506 ,110.819 ,92.186 ,610.613 ,50.84923082900134,73.67499011216162,31.673370001533968,790,755,6.766182E-3 ,2.895745E-3 ,40.605,25,33.919,1.953,132.177E-6 ,0.996,1.190,2.987,15.924,1.425 ,6.743,8.686,13.650,20.228,0.780478,0.335622,6.622 ,9.298979166666667
159.024 ,71.912 ,66.422 ,588.492 ,46.50071239475872,73.70483516972999,28.83935907048118,292,278,6.346426E-3 ,2.096412E-3 ,67.224,9,65.378,2.519,159.883E-6 ,1.230,1.269,3.691,16.509,1.410 ,7.060,9.136,15.714,21.180,0.751279,0.411779,5.832 ,6.010979166666667
