Mean pitch,Standard deviation,Minimum pitch,Maximum pitch,Mean intensity,Minimum intensity,Maximum intensity,Number of pulses,Number of periods,Mean period,Standard deviation of period,Fraction of unvoiced,Number of voice breaks,Degree of voice breaks,Jitter local,Jitter local absolute,Jitter rap,Jitter ppq5,Jitter ddp,Shimmer local,Shimmer local dB,Shimmer apq3,Shimmer apq5,Shimmer apq11,Shimmer dda,Mean autocorrelation,Mean NHR,Mean HNR,Audio Length
203.057 ,110.927 ,90.734 ,575.786 ,50.0429078211434,76.01914028207193,13.415246251672796,700,665,5.043313E-3 ,2.203689E-3 ,59.660,22,34.214,3.055,154.053E-6 ,1.585,1.774,4.754,17.223,1.521 ,8.233,11.280,15.544,24.698,0.755525,0.375872,5.676 ,9.451882086167801
162.512 ,62.727 ,69.228 ,581.546 ,57.411969874846434,75.63563857841095,12.059080811950691,4286,4163,6.191322E-3 ,2.135752E-3 ,32.407,97,36.585,2.304,142.632E-6 ,1.172,1.284,3.516,15.152,1.391 ,6.708,9.622,14.861,20.123,0.794223,0.314357,7.099 ,42.83637188208617
203.334 ,61.157 ,110.469 ,606.944 ,52.0291524231779,78.3255142105939,9.757978247831472,1445,1408,4.947850E-3 ,1.262607E-3 ,48.896,23,39.923,2.180,107.883E-6 ,1.114,1.335,3.343,15.449,1.389 ,7.029,10.050,16.616,21.088,0.803346,0.291526,7.241 ,14.98984126984127
109.686 ,42.701 ,78.835 ,307.434 ,46.5790707838017,76.71024775114246,20.220107273873285,76,71,9.252910E-3 ,2.392602E-3 ,73.810,4,52.391,2.365,218.812E-6 ,1.059,0.947,3.178,12.903,1.219 ,5.727,9.288,13.840,17.181,0.736207,0.391086,4.904 ,3.3914739229024944
136.642 ,57.007 ,90.656 ,582.382 ,62.66295854071715,78.34736559554531,-3.1257507442962504,1121,1083,7.402908E-3 ,1.655727E-3 ,23.860,25,21.348,2.234,165.381E-6 ,1.177,1.358,3.531,14.634,1.356 ,6.592,9.235,14.113,19.775,0.799464,0.297140,7.155 ,11.43718820861678
129.811 ,10.465 ,103.515 ,138.199 ,54.91008814999498,77.82781994293678,6.629623091426987,19,17,7.666328E-3 ,0.665948E-3 ,50.000,1,11.658,4.466,342.345E-6 ,2.656,3.826,7.968,16.213,1.720 ,4.158,6.030,--undefined--,12.473,0.611488,0.660101,2.034 ,0.41351473922902493
233.616 ,40.409 ,75.256 ,388.726 ,59.361538903193626,79.45892078873186,6.886392349201427,1584,1551,4.290428E-3 ,0.820273E-3 ,47.321,23,40.360,2.115,90.757E-6 ,1.146,1.287,3.437,14.881,1.432 ,6.817,9.793,15.351,20.450,0.810937,0.277941,7.492 ,13.474739229024943
