Mean pitch,Standard deviation,Minimum pitch,Maximum pitch,Mean intensity,Minimum intensity,Maximum intensity,Number of pulses,Number of periods,Mean period,Standard deviation of period,Fraction of unvoiced,Number of voice breaks,Degree of voice breaks,Jitter local,Jitter local absolute,Jitter rap,Jitter ppq5,Jitter ddp,Shimmer local,Shimmer local dB,Shimmer apq3,Shimmer apq5,Shimmer apq11,Shimmer dda,Mean autocorrelation,Mean NHR,Mean HNR,Audio Length
--undefined-- ,--undefined-- ,--undefined-- ,--undefined-- ,59.49641971885641,78.27451080616017,9.226824646659178,1,0,--undefined-- ,--undefined-- ,97.414,0,0,--undefined--,--undefined-- ,--undefined--,--undefined--,--undefined--,--undefined--,--undefined--,--undefined--,--undefined--,--undefined--,--undefined--,--undefined--,--undefined--,--undefined--,1.19718820861678
169.391 ,35.855 ,76.968 ,261.405 ,74.99916010589929,87.49655924070686,23.572127336891278,162,157,5.918538E-3 ,1.304545E-3 ,22.835,4,14.535,3.184,188.452E-6 ,1.537,1.985,4.612,15.090,1.472 ,6.840,8.343,9.560,20.521,0.724241,0.443452,4.976 ,1.3016780045351475
154.758 ,43.539 ,124.385 ,423.925 ,79.16339760510657,87.91630727915098,54.156957576930516,325,314,6.513544E-3 ,1.219085E-3 ,19.048,10,21.805,2.195,142.972E-6 ,1.118,1.251,3.354,13.667,1.253 ,6.378,8.937,12.625,19.134,0.844421,0.227794,8.999 ,2.7645351473922903
147.753 ,26.710 ,117.311 ,326.729 ,74.63966645131066,87.13199779644407,41.47576991554753,521,506,6.788221E-3 ,1.000702E-3 ,26.908,14,32.050,2.643,179.401E-6 ,1.298,1.626,3.895,16.073,1.419 ,7.737,10.247,16.751,23.210,0.805263,0.293144,7.449 ,5.272290249433107
142.413 ,39.809 ,104.553 ,515.923 ,71.43888053145814,87.32099368783004,33.19331770349783,324,312,7.023233E-3 ,1.246553E-3 ,43.256,10,32.861,2.729,191.690E-6 ,1.322,1.560,3.967,16.731,1.460 ,7.661,10.658,20.598,22.983,0.798097,0.299632,7.059 ,4.3318820861678
130.752 ,5.950 ,120.820 ,142.155 ,58.293778912583555,86.13590802873415,-0.7616401564582286,50,49,7.673418E-3 ,0.484077E-3 ,67.606,0,0,3.618,277.619E-6 ,1.874,2.639,5.622,16.710,1.537 ,8.213,10.237,--undefined--,24.638,0.717468,0.465601,4.721 ,1.4584126984126984
337.268 ,0.612 ,336.835 ,337.701 ,8.043428647405477,64.6488547045979,3.290643568713592,6,5,2.996107E-3 ,0.104989E-3 ,99.659,0,0,4.652,139.364E-6 ,3.061,1.644,9.182,22.765,1.914 ,15.176,--undefined--,--undefined--,45.529,0.608678,0.654470,1.940 ,17.602086167800454
