Mean pitch,Standard deviation,Minimum pitch,Maximum pitch,Mean intensity,Minimum intensity,Maximum intensity,Number of pulses,Number of periods,Mean period,Standard deviation of period,Fraction of unvoiced,Number of voice breaks,Degree of voice breaks,Jitter local,Jitter local absolute,Jitter rap,Jitter ppq5,Jitter ddp,Shimmer local,Shimmer local dB,Shimmer apq3,Shimmer apq5,Shimmer apq11,Shimmer dda,Mean autocorrelation,Mean NHR,Mean HNR,Audio Length
116.588 ,18.898 ,77.684 ,245.516 ,60.18225792793153,73.6535284622113,32.86172956173965,536,514,8.594523E-3 ,1.212353E-3 ,35.453,21,38.336,2.177,187.131E-6 ,1.007,1.140,3.021,10.170,0.957 ,4.116,5.785,10.710,12.347,0.860311,0.198249,10.027 ,7.4269791666666665
110.966 ,8.183 ,94.347 ,140.752 ,48.75445061957786,72.5704870430948,29.446249022459202,134,125,9.009203E-3 ,0.699362E-3 ,67.241,8,33.252,2.637,237.576E-6 ,1.147,1.241,3.441,8.996,0.907 ,3.691,4.601,5.220,11.073,0.823866,0.259583,8.624 ,4.090979166666667
153.013 ,26.411 ,65.526 ,306.284 ,56.14216803401081,80.72264728451863,34.085744577468716,987,948,6.525422E-3 ,1.076415E-3 ,51.160,33,53.179,2.864,186.868E-6 ,1.447,1.535,4.342,13.127,1.199 ,5.688,7.882,14.286,17.064,0.846753,0.220683,9.305 ,14.266979166666667
140.026 ,8.383 ,118.224 ,151.643 ,57.93199893077024,72.13309904869402,30.93978196851954,46,44,7.183745E-3 ,0.524439E-3 ,32.000,1,10.882,5.329,382.833E-6 ,2.890,2.558,8.671,17.616,1.528 ,7.134,12.862,23.778,21.401,0.792797,0.289156,6.552 ,0.5389791666666667
176.438 ,29.617 ,122.832 ,253.872 ,53.845091474407376,82.97716800229205,24.514509321206532,272,264,5.682789E-3 ,0.908873E-3 ,54.648,5,14.733,2.556,145.255E-6 ,1.367,1.410,4.100,12.418,1.177 ,5.503,8.156,14.135,16.510,0.858144,0.188714,9.004 ,3.5869791666666666
158.533 ,19.040 ,70.574 ,193.844 ,61.862597756366874,80.26486427344184,41.3939546663257,705,684,6.321182E-3 ,0.926047E-3 ,36.253,19,31.508,3.089,195.244E-6 ,1.629,1.719,4.887,13.250,1.192 ,6.179,8.517,13.429,18.537,0.846787,0.221683,9.171 ,7.4509791666666665
150.978 ,15.124 ,103.225 ,172.003 ,61.60931308538253,76.22042839916003,41.98463740902915,166,162,6.643101E-3 ,0.748214E-3 ,32.353,3,17.353,2.700,179.357E-6 ,1.517,1.413,4.551,11.770,1.106 ,5.878,7.641,12.573,17.633,0.855133,0.217411,9.793 ,1.7389791666666667
