Mean pitch,Standard deviation,Minimum pitch,Maximum pitch,Mean intensity,Minimum intensity,Maximum intensity,Number of pulses,Number of periods,Mean period,Standard deviation of period,Fraction of unvoiced,Number of voice breaks,Degree of voice breaks,Jitter local,Jitter local absolute,Jitter rap,Jitter ppq5,Jitter ddp,Shimmer local,Shimmer local dB,Shimmer apq3,Shimmer apq5,Shimmer apq11,Shimmer dda,Mean autocorrelation,Mean NHR,Mean HNR,Audio Length
127.656 ,11.672 ,111.489 ,143.907 ,44.71421489625662,84.23259510320247,29.536900526659764,31,29,7.833208E-3 ,0.747277E-3 ,80.870,1,2.748,3.986,312.217E-6 ,1.724,2.270,5.171,12.957,1.258 ,4.312,7.376,--undefined--,12.937,0.754162,0.353984,5.244 ,1.1869791666666667
156.810 ,79.561 ,106.194 ,565.097 ,68.24895290053578,87.40678315228226,34.965328029063485,326,312,6.587268E-3 ,1.874244E-3 ,30.435,7,26.742,2.447,161.169E-6 ,1.126,1.529,3.379,12.487,1.156 ,5.310,7.221,13.034,15.929,0.815318,0.288266,8.354 ,3.2509791666666668
135.635 ,7.918 ,117.087 ,152.085 ,55.777625784145215,79.64831975085586,35.11921136171158,52,50,7.352710E-3 ,0.444544E-3 ,64.407,1,5.786,1.385,101.861E-6 ,0.577,0.673,1.732,12.162,1.266 ,5.301,8.562,12.690,15.903,0.870741,0.177741,10.052 ,1.2109791666666667
123.027 ,44.978 ,77.400 ,574.034 ,68.37779987262641,82.57759298105844,41.54756533774777,583,557,8.132899E-3 ,2.088653E-3 ,24.891,25,32.602,2.524,205.244E-6 ,0.966,1.154,2.899,11.181,1.035 ,5.177,6.903,10.916,15.530,0.820883,0.272488,8.665 ,6.946979166666667
99.138 ,10.141 ,74.850 ,131.621 ,65.22016379653991,80.71298345701037,41.03113918231394,264,249,10.087398E-3 ,1.073234E-3 ,32.512,13,33.206,2.303,232.361E-6 ,0.847,1.174,2.540,11.186,1.039 ,4.659,7.272,16.541,13.976,0.789328,0.325034,7.283 ,4.090979166666667
119.337 ,24.284 ,75.693 ,275.375 ,61.38917542734261,86.24348514186453,16.538222382170908,374,356,8.353715E-3 ,1.573164E-3 ,42.150,15,38.787,1.884,157.407E-6 ,0.630,0.825,1.891,11.317,1.014 ,4.310,6.635,10.477,12.929,0.844047,0.227149,9.515 ,5.890979166666667
