Mean pitch,Standard deviation,Minimum pitch,Maximum pitch,Mean intensity,Minimum intensity,Maximum intensity,Number of pulses,Number of periods,Mean period,Standard deviation of period,Fraction of unvoiced,Number of voice breaks,Degree of voice breaks,Jitter local,Jitter local absolute,Jitter rap,Jitter ppq5,Jitter ddp,Shimmer local,Shimmer local dB,Shimmer apq3,Shimmer apq5,Shimmer apq11,Shimmer dda,Mean autocorrelation,Mean NHR,Mean HNR,Audio Length
181.307 ,98.071 ,89.327 ,599.945 ,41.789877674672525,74.35243866545052,26.579460903984177,227,215,5.528362E-3 ,2.481420E-3 ,76.158,7,45.339,3.304,182.650E-6 ,1.506,1.904,4.518,18.960,1.524 ,9.923,10.348,14.186,29.769,0.793090,0.320072,7.121 ,5.866979166666667
191.991 ,14.562 ,149.908 ,244.339 ,66.01371615508586,80.98345928185152,37.11925919599124,312,299,5.272795E-3 ,0.599968E-3 ,26.471,7,17.333,3.152,166.187E-6 ,1.447,1.646,4.340,13.099,1.279 ,5.262,8.225,13.610,15.786,0.848527,0.228292,9.814 ,2.4109791666666665
166.844 ,24.289 ,74.822 ,232.106 ,62.402322939361255,79.06028943107677,33.2411697368233,737,716,5.989399E-3 ,0.917484E-3 ,29.412,17,27.648,2.455,147.036E-6 ,1.170,1.327,3.509,12.524,1.228 ,5.350,8.320,11.479,16.051,0.862910,0.202469,10.339 ,6.4909791666666665
172.260 ,23.580 ,133.826 ,294.417 ,64.8733609869095,78.49183239089064,33.912342850458806,419,410,5.816777E-3 ,0.780661E-3 ,18.543,5,11.307,2.564,149.157E-6 ,1.198,1.436,3.594,12.714,1.152 ,5.274,7.812,14.019,15.823,0.860762,0.209275,10.531 ,3.0589791666666666
151.217 ,14.781 ,109.677 ,181.408 ,60.10197024647073,77.51338875822681,31.908117504451482,269,260,6.624712E-3 ,0.704616E-3 ,30.576,7,24.098,1.674,110.897E-6 ,0.812,0.815,2.437,13.376,1.275 ,5.542,8.215,15.106,16.627,0.876631,0.168549,10.602 ,2.818979166666667
137.314 ,12.600 ,116.547 ,152.761 ,43.45625093256275,70.31398711068455,14.079593514373233,23,21,7.360449E-3 ,0.693998E-3 ,79.245,1,8.412,3.358,247.193E-6 ,1.996,2.069,5.989,13.981,1.194 ,8.672,10.670,2.879,26.015,0.748056,0.369257,5.065 ,1.0909791666666666
