Mean pitch,Standard deviation,Minimum pitch,Maximum pitch,Mean intensity,Minimum intensity,Maximum intensity,Number of pulses,Number of periods,Mean period,Standard deviation of period,Fraction of unvoiced,Number of voice breaks,Degree of voice breaks,Jitter local,Jitter local absolute,Jitter rap,Jitter ppq5,Jitter ddp,Shimmer local,Shimmer local dB,Shimmer apq3,Shimmer apq5,Shimmer apq11,Shimmer dda,Mean autocorrelation,Mean NHR,Mean HNR,Audio Length
144.103 ,100.063 ,72.501 ,592.839 ,46.25166939477669,65.78615500707143,24.107136856968218,776,740,7.040229E-3 ,3.040689E-3 ,32.884,30,40.986,2.203,155.084E-6 ,0.971,1.097,2.914,13.750,1.273 ,6.054,8.539,15.361,18.163,0.779528,0.344466,6.644 ,8.945827664399093
110.108 ,70.646 ,78.128 ,564.785 ,41.84207765410509,63.034097603392325,20.84801193440212,621,572,9.171659E-3 ,2.938171E-3 ,45.293,36,52.101,1.872,171.706E-6 ,0.690,0.904,2.069,13.492,1.227 ,6.408,8.469,12.949,19.224,0.788084,0.318117,6.697 ,11.296848072562359
114.754 ,91.579 ,76.340 ,598.606 ,39.58459057988976,59.50057321984716,19.69917786772531,1437,1343,8.859425E-3 ,3.494733E-3 ,45.241,76,52.046,1.904,168.688E-6 ,0.775,1.037,2.325,14.585,1.299 ,6.739,8.265,11.343,20.216,0.805953,0.290044,7.481 ,25.14174603174603
118.692 ,47.214 ,87.395 ,419.623 ,38.0884639674575,74.89031007972667,17.501713192326278,120,109,8.731528E-3 ,1.832694E-3 ,78.231,10,82.186,1.733,151.291E-6 ,0.644,0.729,1.932,18.529,1.417 ,8.353,12.062,16.301,25.058,0.826963,0.231210,8.023 ,5.91562358276644
105.239 ,60.907 ,77.418 ,505.675 ,44.4394322011477,64.71612692355268,19.497661448041427,654,621,9.635499E-3 ,2.806089E-3 ,38.178,27,37.995,2.165,208.614E-6 ,0.948,1.213,2.843,12.990,1.252 ,5.798,8.210,13.601,17.394,0.788806,0.327665,6.842 ,10.90501133786848
101.412 ,63.230 ,75.938 ,599.924 ,42.83032130735775,59.265288845638004,18.280024454801623,561,520,9.952338E-3 ,2.916460E-3 ,41.603,34,43.797,2.375,236.353E-6 ,1.000,1.279,3.001,15.147,1.350 ,6.527,8.362,13.349,19.582,0.781048,0.326755,6.444 ,10.513174603174603
92.547 ,42.671 ,77.665 ,547.079 ,40.48458131640544,67.67378616572499,18.939500389703387,536,505,10.892338E-3 ,2.246486E-3 ,49.321,28,52.125,1.916,208.652E-6 ,0.858,1.111,2.573,14.066,1.175 ,6.405,7.885,11.094,19.216,0.795910,0.297332,6.913 ,11.819297052154194
