Mean pitch,Standard deviation,Minimum pitch,Maximum pitch,Mean intensity,Minimum intensity,Maximum intensity,Number of pulses,Number of periods,Mean period,Standard deviation of period,Fraction of unvoiced,Number of voice breaks,Degree of voice breaks,Jitter local,Jitter local absolute,Jitter rap,Jitter ppq5,Jitter ddp,Shimmer local,Shimmer local dB,Shimmer apq3,Shimmer apq5,Shimmer apq11,Shimmer dda,Mean autocorrelation,Mean NHR,Mean HNR,Audio Length
109.597 ,36.440 ,74.591 ,357.740 ,62.651121867192394,78.98885806063217,0.09730825594633112,606,570,9.171751E-3 ,2.200047E-3 ,27.910,26,30.307,2.894,265.450E-6 ,1.352,1.333,4.056,15.841,1.442 ,7.603,10.223,15.574,22.810,0.789637,0.320831,6.833 ,8.45922902494331
96.728 ,27.046 ,74.572 ,257.896 ,62.17580129610032,75.05525723005236,-3.443575946136929,209,202,10.379210E-3 ,1.952741E-3 ,17.986,6,18.653,2.182,226.430E-6 ,1.046,1.135,3.139,17.446,1.452 ,8.865,11.658,17.735,26.594,0.784937,0.317665,6.576 ,2.8167800453514737
92.049 ,4.486 ,84.587 ,99.172 ,44.17000579498411,71.43701515241092,-1.759305483381214,13,12,10.883709E-3 ,0.583523E-3 ,75.591,0,0,2.336,254.272E-6 ,0.846,1.230,2.538,19.004,1.593 ,12.417,8.087,--undefined--,37.250,0.714318,0.414718,4.097 ,1.3016780045351475
107.018 ,42.185 ,77.842 ,536.584 ,56.02542839823762,78.89976104561752,-0.47797005374100787,447,430,9.455919E-3 ,1.925199E-3 ,49.028,12,35.439,2.232,211.015E-6 ,1.160,1.304,3.480,15.230,1.365 ,7.427,9.527,15.637,22.282,0.808019,0.277889,7.155 ,9.29514739229025
130.692 ,26.652 ,82.918 ,252.279 ,71.01651286008365,84.70352326218367,36.140225543871225,1012,968,7.682917E-3 ,1.354703E-3 ,24.062,39,25.264,2.888,221.914E-6 ,1.455,1.681,4.364,15.266,1.410 ,7.033,10.327,17.931,21.099,0.802175,0.311108,7.774 ,10.966984126984126
132.002 ,41.689 ,105.753 ,499.281 ,45.94316866479883,83.83992221441272,7.681552938280083,324,313,7.571749E-3 ,1.483953E-3 ,59.334,8,12.477,2.511,190.090E-6 ,1.264,1.415,3.792,15.819,1.439 ,7.882,10.500,15.770,23.645,0.819569,0.279632,8.327 ,6.944126984126984
