Mean pitch,Standard deviation,Minimum pitch,Maximum pitch,Mean intensity,Minimum intensity,Maximum intensity,Number of pulses,Number of periods,Mean period,Standard deviation of period,Fraction of unvoiced,Number of voice breaks,Degree of voice breaks,Jitter local,Jitter local absolute,Jitter rap,Jitter ppq5,Jitter ddp,Shimmer local,Shimmer local dB,Shimmer apq3,Shimmer apq5,Shimmer apq11,Shimmer dda,Mean autocorrelation,Mean NHR,Mean HNR,Audio Length
165.204 ,51.444 ,95.344 ,467.047 ,56.6795179877385,85.76945881318036,3.1771210304830175,391,383,6.070214E-3 ,1.438170E-3 ,47.490,7,35.823,1.800,109.259E-6 ,0.672,0.774,2.015,9.263,0.898 ,4.192,5.927,9.811,12.577,0.875770,0.170731,10.784 ,4.810979166666667
126.289 ,52.147 ,86.907 ,562.693 ,68.88002086230506,80.90566717382507,47.138276106211705,373,363,8.050451E-3 ,1.990330E-3 ,13.784,6,19.496,1.841,148.248E-6 ,0.809,1.078,2.427,11.524,1.125 ,4.626,6.811,12.174,13.877,0.841826,0.236913,9.166 ,3.7309791666666667
125.410 ,59.483 ,80.089 ,475.490 ,64.28801495642337,81.75073876625133,32.96803089122632,442,418,8.028718E-3 ,2.500553E-3 ,35.580,22,39.907,2.035,163.391E-6 ,0.823,0.895,2.469,10.639,1.022 ,4.817,6.024,8.421,14.452,0.818401,0.281582,8.572 ,6.4189791666666665
138.702 ,24.075 ,104.760 ,248.378 ,70.94074869509897,82.16993181891306,39.17930618120333,220,216,7.237997E-3 ,1.139930E-3 ,10.674,2,6.064,1.891,136.885E-6 ,0.763,1.016,2.290,9.486,0.953 ,3.795,6.346,11.783,11.384,0.872083,0.184767,10.253 ,1.8109791666666666
130.008 ,100.576 ,76.691 ,532.628 ,61.01695867176756,79.4825714799598,5.585997425016811,510,488,7.916142E-3 ,3.564601E-3 ,27.875,14,18.635,2.340,185.243E-6 ,0.953,1.244,2.858,10.613,1.093 ,4.459,6.102,11.322,13.376,0.849483,0.229139,10.116 ,5.770979166666667
93.726 ,13.090 ,76.506 ,124.572 ,58.85017328612949,78.73462431196332,-8.445878674287759,92,86,10.693254E-3 ,1.436121E-3 ,23.239,5,20.753,1.627,173.929E-6 ,0.486,0.809,1.458,15.597,1.419 ,7.231,10.332,17.837,21.692,0.833287,0.233886,8.258 ,1.4509791666666667
113.789 ,15.529 ,84.591 ,128.272 ,34.99459613335857,83.01123590610317,2.9673939010757744,21,18,8.780424E-3 ,1.275710E-3 ,86.747,2,6.589,2.166,190.172E-6 ,0.441,0.470,1.323,7.903,0.746 ,2.350,2.138,--undefined--,7.049,0.673450,0.512360,3.284 ,1.6909791666666667
