Mean pitch,Standard deviation,Minimum pitch,Maximum pitch,Mean intensity,Minimum intensity,Maximum intensity,Number of pulses,Number of periods,Mean period,Standard deviation of period,Fraction of unvoiced,Number of voice breaks,Degree of voice breaks,Jitter local,Jitter local absolute,Jitter rap,Jitter ppq5,Jitter ddp,Shimmer local,Shimmer local dB,Shimmer apq3,Shimmer apq5,Shimmer apq11,Shimmer dda,Mean autocorrelation,Mean NHR,Mean HNR,Audio Length
131.806 ,73.855 ,74.734 ,506.420 ,63.56074710724528,87.767786384792,4.849591900846031,650,614,7.614184E-3 ,2.613559E-3 ,40.174,27,18.852,2.707,206.153E-6 ,1.283,1.592,3.849,16.116,1.402 ,7.874,11.657,15.971,23.622,0.817242,0.270277,7.876 ,9.242902494331066
112.728 ,80.916 ,76.295 ,594.265 ,58.22185191587307,83.16138480608396,7.6000325804584365,516,485,9.038688E-3 ,3.437958E-3 ,41.509,22,45.056,2.572,232.449E-6 ,1.234,1.356,3.703,17.667,1.558 ,8.263,11.947,20.802,24.790,0.753041,0.377686,5.503 ,8.511473922902494
254.099 ,140.682 ,90.137 ,452.399 ,41.85456410186402,82.06743659684653,5.358219633457601,38,36,3.452183E-3 ,2.425509E-3 ,91.118,1,9.969,6.491,224.094E-6 ,2.860,3.554,8.580,25.745,1.744 ,13.631,22.063,37.243,40.894,0.599110,0.702210,1.792 ,3.078004535147392
145.330 ,127.456 ,75.352 ,593.502 ,63.93709133806825,86.63861028417186,4.9495945637781205,643,599,7.114966E-3 ,4.187453E-3 ,41.957,24,47.870,2.975,211.696E-6 ,1.498,1.692,4.495,17.420,1.542 ,8.030,10.569,17.845,24.091,0.770552,0.345719,6.293 ,8.929433106575964
165.353 ,48.938 ,117.642 ,220.306 ,32.56906697429275,63.97489378514037,3.0679731751897266,9,8,6.081871E-3 ,1.870059E-3 ,83.721,0,0,8.983,546.315E-6 ,5.471,2.699,16.414,16.800,2.049 ,14.578,--undefined--,--undefined--,43.733,0.595718,0.710597,1.743 ,0.4657596371882086
303.255 ,167.713 ,79.008 ,556.811 ,43.00130409786788,67.20978777442812,4.796333279271306,63,55,3.529240E-3 ,2.238237E-3 ,77.654,4,44.051,5.100,179.979E-6 ,2.237,2.873,6.711,18.724,1.655 ,10.520,6.774,--undefined--,31.559,0.705385,0.466169,4.312 ,1.824126984126984
