Mean pitch,Standard deviation,Minimum pitch,Maximum pitch,Mean intensity,Minimum intensity,Maximum intensity,Number of pulses,Number of periods,Mean period,Standard deviation of period,Fraction of unvoiced,Number of voice breaks,Degree of voice breaks,Jitter local,Jitter local absolute,Jitter rap,Jitter ppq5,Jitter ddp,Shimmer local,Shimmer local dB,Shimmer apq3,Shimmer apq5,Shimmer apq11,Shimmer dda,Mean autocorrelation,Mean NHR,Mean HNR,Audio Length
140.395 ,42.502 ,94.687 ,245.140 ,44.52509436235792,75.92515641873915,17.557501270505288,133,127,7.179116E-3 ,2.013359E-3 ,66.102,5,46.416,1.939,139.225E-6 ,0.894,1.042,2.681,15.941,1.324 ,6.554,9.441,11.287,19.661,0.804364,0.274702,7.472 ,2.9899092970521544
111.475 ,22.835 ,92.451 ,185.648 ,46.53553292442709,71.10105474099522,29.915104718678442,35,31,8.828213E-3 ,1.625281E-3 ,74.265,3,38.741,2.151,189.867E-6 ,0.815,0.982,2.444,20.127,1.752 ,11.934,17.639,--undefined--,35.803,0.723237,0.406606,4.377 ,1.396439909297052
129.438 ,55.185 ,105.517 ,442.097 ,53.18304969735298,75.68177985553302,32.05769545806331,227,214,7.785745E-3 ,1.883455E-3 ,46.512,10,55.321,1.513,117.816E-6 ,0.665,0.818,1.994,18.066,1.478 ,7.443,11.354,17.121,22.328,0.762101,0.354765,5.823 ,3.9041950113378685
121.534 ,64.027 ,77.837 ,569.764 ,53.13328540628545,74.57205872660867,32.75428084849971,401,372,8.354210E-3 ,2.274389E-3 ,38.605,21,42.107,1.931,161.333E-6 ,0.768,0.930,2.303,14.743,1.246 ,5.932,9.071,14.474,17.796,0.811651,0.278904,7.724 ,5.91562358276644
95.283 ,11.314 ,77.771 ,115.659 ,51.122820708794926,69.69111125015019,33.30664672708374,28,25,10.465025E-3 ,1.376361E-3 ,68.644,2,18.184,3.341,349.671E-6 ,0.839,0.887,2.517,18.814,1.481 ,13.761,31.389,--undefined--,41.284,0.675162,0.544806,3.423 ,1.2135827664399093
111.237 ,14.721 ,96.596 ,183.805 ,51.87942459957379,75.47283755671012,39.37456973985703,36,33,8.871374E-3 ,1.224220E-3 ,67.290,2,28.453,2.786,247.177E-6 ,1.516,2.010,4.549,18.937,1.586 ,7.392,12.843,--undefined--,22.176,0.687578,0.563907,3.912 ,1.109092970521542
