Mean pitch,Standard deviation,Minimum pitch,Maximum pitch,Mean intensity,Minimum intensity,Maximum intensity,Number of pulses,Number of periods,Mean period,Standard deviation of period,Fraction of unvoiced,Number of voice breaks,Degree of voice breaks,Jitter local,Jitter local absolute,Jitter rap,Jitter ppq5,Jitter ddp,Shimmer local,Shimmer local dB,Shimmer apq3,Shimmer apq5,Shimmer apq11,Shimmer dda,Mean autocorrelation,Mean NHR,Mean HNR,Audio Length
89.677 ,7.598 ,81.641 ,104.545 ,53.440218459564086,75.61823854707595,37.916170968291766,9,8,11.081889E-3 ,0.923868E-3 ,76.744,0,0,3.475,385.109E-6 ,0.635,0.979,1.906,21.601,1.956 ,15.857,--undefined--,--undefined--,47.570,0.602011,0.697240,1.884 ,0.46798185941043086
175.176 ,11.759 ,154.583 ,196.734 ,45.880374889189405,74.01202863980063,27.713490167043634,21,18,5.796867E-3 ,0.388401E-3 ,88.889,2,20.902,3.529,204.557E-6 ,1.860,1.276,5.579,19.673,1.483 ,10.727,3.326,--undefined--,32.180,0.685605,0.490671,3.602 ,1.565124716553288
121.282 ,46.482 ,77.291 ,461.924 ,61.78068956245068,73.17891925015714,37.18511710227594,560,532,8.292713E-3 ,2.029709E-3 ,35.331,22,43.764,2.024,167.882E-6 ,0.803,1.034,2.409,12.874,1.174 ,5.593,8.015,12.976,16.778,0.814423,0.276909,7.884 ,8.043492063492064
156.099 ,74.311 ,84.058 ,440.297 ,55.84134595208524,74.28064044836009,15.432994141862707,292,272,6.521579E-3 ,2.460618E-3 ,61.626,14,64.407,2.105,137.295E-6 ,0.882,0.997,2.645,13.638,1.177 ,5.812,7.934,12.546,17.435,0.815721,0.266807,7.853 ,6.188798185941043
163.452 ,40.086 ,116.121 ,230.145 ,67.50378666965881,75.35427717395632,18.690745492723323,74,73,6.147667E-3 ,1.469505E-3 ,13.725,0,0,2.511,154.379E-6 ,0.960,1.258,2.879,11.790,1.017 ,4.571,7.857,11.460,13.712,0.797749,0.305048,7.470 ,0.5463492063492064
