Mean pitch,Standard deviation,Minimum pitch,Maximum pitch,Mean intensity,Minimum intensity,Maximum intensity,Number of pulses,Number of periods,Mean period,Standard deviation of period,Fraction of unvoiced,Number of voice breaks,Degree of voice breaks,Jitter local,Jitter local absolute,Jitter rap,Jitter ppq5,Jitter ddp,Shimmer local,Shimmer local dB,Shimmer apq3,Shimmer apq5,Shimmer apq11,Shimmer dda,Mean autocorrelation,Mean NHR,Mean HNR,Audio Length
156.765 ,118.797 ,79.176 ,603.167 ,58.558003129143266,76.96702812697758,5.693067080172285,613,571,6.515579E-3 ,3.353626E-3 ,39.814,24,42.270,2.567,167.285E-6 ,1.217,1.503,3.652,14.969,1.386 ,6.650,8.306,12.181,19.950,0.780767,0.326553,6.465 ,7.546979166666667
120.301 ,91.944 ,77.664 ,598.777 ,57.641079158586734,77.73448909806764,25.209424454929405,246,232,8.431613E-3 ,3.322083E-3 ,40.599,8,41.971,2.678,225.810E-6 ,1.212,1.682,3.636,13.458,1.284 ,6.576,8.678,11.780,19.728,0.753887,0.383284,5.626 ,3.7069791666666667
184.059 ,172.979 ,81.811 ,595.767 ,38.91179851688292,76.53314862020676,22.175178908860428,149,142,5.490081E-3 ,4.318706E-3 ,81.323,6,16.482,4.013,220.291E-6 ,2.058,2.163,6.175,19.942,1.580 ,8.049,7.583,21.510,24.148,0.715441,0.443894,4.398 ,5.170979166666666
243.856 ,179.023 ,78.254 ,576.438 ,51.14252188977234,78.44475204034067,17.823181883544713,268,255,4.184904E-3 ,2.944992E-3 ,50.365,8,21.139,4.409,184.494E-6 ,2.278,2.244,6.834,18.601,1.659 ,8.587,12.806,20.785,25.761,0.749602,0.383821,5.570 ,2.7709791666666668
163.046 ,132.794 ,85.770 ,595.252 ,56.39182206565898,80.50924471492064,26.300682780445076,422,398,6.397041E-3 ,3.387084E-3 ,42.449,9,18.913,2.417,154.597E-6 ,1.141,1.303,3.422,15.572,1.347 ,6.527,9.420,16.044,19.580,0.775197,0.344765,6.353 ,4.930979166666667
