Mean pitch,Standard deviation,Minimum pitch,Maximum pitch,Mean intensity,Minimum intensity,Maximum intensity,Number of pulses,Number of periods,Mean period,Standard deviation of period,Fraction of unvoiced,Number of voice breaks,Degree of voice breaks,Jitter local,Jitter local absolute,Jitter rap,Jitter ppq5,Jitter ddp,Shimmer local,Shimmer local dB,Shimmer apq3,Shimmer apq5,Shimmer apq11,Shimmer dda,Mean autocorrelation,Mean NHR,Mean HNR,Audio Length
137.899 ,3.336 ,132.861 ,142.353 ,41.25128514588588,72.63667740999496,26.43812990869337,11,10,7.246199E-3 ,0.174874E-3 ,81.373,0,0,0.796,57.688E-6 ,0.370,0.604,1.110,16.618,1.463 ,3.432,6.618,--undefined--,10.295,0.692745,0.475204,3.787 ,1.0568480725623584
227.391 ,1.990 ,224.188 ,229.432 ,34.100494453417305,62.96030702111976,25.980947263821555,16,15,4.396624E-3 ,0.047905E-3 ,89.873,0,0,0.989,43.493E-6 ,0.574,0.672,1.721,9.991,1.240 ,4.117,5.413,20.932,12.352,0.867870,0.199236,10.661 ,0.8217460317460318
--undefined-- ,--undefined-- ,--undefined-- ,--undefined-- ,38.103423303676095,61.8789959489644,24.221464945587844,1,0,--undefined-- ,--undefined-- ,97.006,0,0,--undefined--,--undefined-- ,--undefined--,--undefined--,--undefined--,--undefined--,--undefined--,--undefined--,--undefined--,--undefined--,--undefined--,--undefined--,--undefined--,--undefined--,1.709909297052154
166.287 ,101.944 ,81.872 ,610.098 ,64.07413209132113,74.77169857047922,34.8602561887206,974,930,6.061223E-3 ,2.503216E-3 ,25.054,33,36.438,2.824,171.167E-6 ,1.397,1.617,4.192,15.754,1.383 ,7.837,9.935,12.981,23.510,0.733424,0.435263,5.241 ,9.259297052154196
153.321 ,131.328 ,78.148 ,597.099 ,63.15190701163807,72.60167627231529,29.493984288772758,672,635,6.786016E-3 ,3.537870E-3 ,28.531,25,37.690,2.335,158.421E-6 ,1.118,1.324,3.353,16.604,1.427 ,8.448,10.518,14.966,25.345,0.728384,0.438842,4.944 ,7.117256235827664
199.506 ,160.286 ,78.571 ,586.510 ,61.03335453047672,72.30561180376635,27.099648583915776,996,940,5.127724E-3 ,3.571475E-3 ,30.115,31,40.172,3.057,156.777E-6 ,1.588,1.865,4.763,17.962,1.565 ,9.012,12.468,16.787,27.037,0.716196,0.463184,4.728 ,8.736848072562358
249.225 ,195.670 ,78.975 ,515.257 ,53.16357705186895,68.94697124828141,-4.0638175764219024,74,65,4.228041E-3 ,3.790226E-3 ,54.000,4,35.081,3.428,144.918E-6 ,1.803,2.203,5.410,21.772,1.752 ,13.652,24.973,--undefined--,40.957,0.617896,0.661747,2.177 ,1.0307256235827664
