Mean pitch,Standard deviation,Minimum pitch,Maximum pitch,Mean intensity,Minimum intensity,Maximum intensity,Number of pulses,Number of periods,Mean period,Standard deviation of period,Fraction of unvoiced,Number of voice breaks,Degree of voice breaks,Jitter local,Jitter local absolute,Jitter rap,Jitter ppq5,Jitter ddp,Shimmer local,Shimmer local dB,Shimmer apq3,Shimmer apq5,Shimmer apq11,Shimmer dda,Mean autocorrelation,Mean NHR,Mean HNR,Audio Length
182.947 ,72.539 ,117.066 ,362.851 ,53.98497617504409,72.5418113111626,27.421289052151664,90,87,5.521942E-3 ,1.961410E-3 ,35.443,1,2.463,3.027,167.166E-6 ,1.246,1.724,3.739,13.138,1.345 ,5.843,9.836,19.656,17.530,0.827306,0.241668,7.819 ,0.8217460317460318
212.130 ,81.568 ,118.918 ,377.815 ,21.388077163461073,74.67941622975698,1.45508346920334,85,83,4.796280E-3 ,2.006681E-3 ,78.894,1,74.364,2.663,127.717E-6 ,0.986,1.264,2.959,14.668,1.182 ,7.322,12.041,12.435,21.966,0.867499,0.195741,10.213 ,2.0233786848072564
174.982 ,50.700 ,118.272 ,305.799 ,60.6617275039757,74.57640418687808,32.650732584149324,263,252,5.791606E-3 ,1.441734E-3 ,19.598,6,19.969,2.923,169.292E-6 ,1.488,1.663,4.463,16.122,1.382 ,7.634,10.564,14.089,22.901,0.781720,0.336030,6.552 ,2.0233786848072564
156.060 ,77.385 ,103.539 ,485.015 ,51.015922031188644,71.96743564143937,15.681640238321965,189,180,6.438652E-3 ,2.215128E-3 ,38.636,8,30.190,2.899,186.627E-6 ,1.628,1.773,4.885,19.652,1.652 ,9.185,12.678,16.247,27.555,0.747675,0.386395,5.459 ,2.232358276643991
263.011 ,140.119 ,116.741 ,469.977 ,27.43575152821602,63.332589560644706,1.5838900597476135,35,30,4.067157E-3 ,2.295139E-3 ,85.990,2,18.970,5.049,205.360E-6 ,2.989,3.372,8.968,19.138,1.743 ,9.803,15.171,--undefined--,29.410,0.719484,0.427487,4.401 ,2.101746031746032
