Mean pitch,Standard deviation,Minimum pitch,Maximum pitch,Mean intensity,Minimum intensity,Maximum intensity,Number of pulses,Number of periods,Mean period,Standard deviation of period,Fraction of unvoiced,Number of voice breaks,Degree of voice breaks,Jitter local,Jitter local absolute,Jitter rap,Jitter ppq5,Jitter ddp,Shimmer local,Shimmer local dB,Shimmer apq3,Shimmer apq5,Shimmer apq11,Shimmer dda,Mean autocorrelation,Mean NHR,Mean HNR,Audio Length
--undefined-- ,--undefined-- ,--undefined-- ,--undefined-- ,27.30369990163915,46.94424975660472,1.2547505332308881,1,0,--undefined-- ,--undefined-- ,95.455,0,0,--undefined--,--undefined-- ,--undefined--,--undefined--,--undefined--,--undefined--,--undefined--,--undefined--,--undefined--,--undefined--,--undefined--,--undefined--,--undefined--,--undefined--,0.2567800453514739
194.420 ,77.673 ,149.835 ,545.931 ,62.48582373353804,85.22208827299794,7.75378908143864,318,303,5.180841E-3 ,1.353284E-3 ,54.382,11,23.812,2.083,107.931E-6 ,1.035,1.251,3.104,18.301,1.605 ,8.281,11.353,14.867,24.844,0.715435,0.469803,4.693 ,4.488616780045351
183.893 ,85.806 ,125.693 ,585.251 ,68.75283771052837,84.55910496765196,10.282291254024312,958,906,5.494047E-3 ,1.692599E-3 ,44.475,35,43.368,3.063,168.290E-6 ,1.607,1.787,4.822,19.573,1.684 ,9.745,13.369,17.346,29.235,0.688073,0.527740,3.861 ,11.071473922902495
192.844 ,96.450 ,76.944 ,594.010 ,68.32535450902779,84.08968093958286,10.056258608037918,938,882,5.228850E-3 ,2.096519E-3 ,44.900,41,48.298,3.267,170.846E-6 ,1.616,1.786,4.847,17.422,1.546 ,8.188,10.669,17.614,24.564,0.715413,0.454923,4.541 ,11.01922902494331
157.144 ,55.992 ,94.753 ,576.105 ,65.88705044197619,81.42120648594613,2.7057851380929314,301,290,6.364893E-3 ,1.585430E-3 ,38.936,9,31.280,2.318,147.515E-6 ,1.187,1.376,3.560,15.454,1.405 ,7.351,9.666,15.461,22.053,0.729323,0.436875,5.098 ,3.600453514739229
