Mean pitch,Standard deviation,Minimum pitch,Maximum pitch,Mean intensity,Minimum intensity,Maximum intensity,Number of pulses,Number of periods,Mean period,Standard deviation of period,Fraction of unvoiced,Number of voice breaks,Degree of voice breaks,Jitter local,Jitter local absolute,Jitter rap,Jitter ppq5,Jitter ddp,Shimmer local,Shimmer local dB,Shimmer apq3,Shimmer apq5,Shimmer apq11,Shimmer dda,Mean autocorrelation,Mean NHR,Mean HNR,Audio Length
153.412 ,54.853 ,111.829 ,416.753 ,52.65258021069946,76.97778016279891,38.22978856954914,262,253,6.587609E-3 ,1.736778E-3 ,56.787,8,42.803,2.302,151.625E-6 ,1.068,1.111,3.204,14.671,1.326 ,5.475,9.193,16.627,16.426,0.827247,0.264014,8.998 ,4.452766439909297
128.093 ,43.146 ,105.920 ,310.691 ,49.309160836660205,79.01618542594467,38.362899630675365,54,49,7.888215E-3 ,1.683341E-3 ,77.311,3,52.508,1.464,115.447E-6 ,0.476,0.661,1.429,11.016,1.008 ,4.035,6.527,6.219,12.104,0.874030,0.159404,9.947 ,2.4152154195011337
162.210 ,24.939 ,103.397 ,219.585 ,54.57427489228238,79.42757019707943,26.902985317765644,541,525,6.162575E-3 ,0.970979E-3 ,52.577,14,30.005,1.649,101.618E-6 ,0.764,0.868,2.292,12.372,1.193 ,5.422,8.471,12.465,16.265,0.850959,0.204855,9.532 ,7.796439909297052
488.212 ,30.103 ,463.819 ,535.867 ,44.43834413912772,66.48031433945692,40.33835227677265,24,23,2.052671E-3 ,0.197638E-3 ,91.549,0,0,7.896,162.088E-6 ,3.998,4.060,11.993,13.403,1.675 ,8.067,7.525,--undefined--,24.201,0.590871,0.713424,1.624 ,0.7433786848072562
157.940 ,84.368 ,84.300 ,588.338 ,58.62394234128178,81.98244665299471,33.721145348211465,920,860,6.430749E-3 ,2.207920E-3 ,56.538,46,57.094,2.641,169.823E-6 ,1.278,1.557,3.833,15.762,1.428 ,7.342,10.974,19.363,22.027,0.759824,0.378579,5.932 ,15.633174603174604
121.495 ,21.954 ,79.029 ,157.593 ,56.02477550253511,80.79582656835132,41.45499955205249,99,92,8.198164E-3 ,1.585435E-3 ,62.185,6,16.180,2.455,201.294E-6 ,1.166,1.367,3.497,14.872,1.457 ,7.442,7.784,9.482,22.325,0.725253,0.433666,4.616 ,2.4152154195011337
