Mean pitch,Standard deviation,Minimum pitch,Maximum pitch,Mean intensity,Minimum intensity,Maximum intensity,Number of pulses,Number of periods,Mean period,Standard deviation of period,Fraction of unvoiced,Number of voice breaks,Degree of voice breaks,Jitter local,Jitter local absolute,Jitter rap,Jitter ppq5,Jitter ddp,Shimmer local,Shimmer local dB,Shimmer apq3,Shimmer apq5,Shimmer apq11,Shimmer dda,Mean autocorrelation,Mean NHR,Mean HNR,Audio Length
128.280 ,10.063 ,112.490 ,146.799 ,55.81801845042077,83.80304950613395,6.360207969232454,28,26,7.808530E-3 ,0.584579E-3 ,71.552,1,5.016,3.146,245.639E-6 ,1.660,2.168,4.981,16.218,1.337 ,7.576,10.165,42.081,22.729,0.689973,0.520641,3.951 ,1.19718820861678
128.423 ,5.242 ,117.924 ,145.959 ,49.12382585895929,84.774755830928,3.9764393672415954,87,84,7.776625E-3 ,0.341579E-3 ,59.195,2,5.627,1.933,150.314E-6 ,0.843,0.972,2.529,15.163,1.393 ,6.468,11.119,23.274,19.405,0.776626,0.343751,6.156 ,1.7718820861678004
140.121 ,20.267 ,105.959 ,225.757 ,71.44456380263496,86.97530962858121,22.086273914173677,242,233,7.134997E-3 ,0.969986E-3 ,40.000,8,29.587,2.055,146.619E-6 ,0.939,1.226,2.816,15.079,1.349 ,7.520,9.794,14.991,22.559,0.778174,0.334684,6.288 ,3.18249433106576
112.169 ,8.102 ,87.539 ,128.604 ,67.73474791062108,84.8884930872152,29.403111293107123,288,276,8.923811E-3 ,0.735605E-3 ,40.132,11,17.251,2.527,225.532E-6 ,1.159,1.420,3.476,15.776,1.452 ,7.555,10.965,22.396,22.666,0.744617,0.412800,5.530 ,4.593106575963719
