Mean pitch,Standard deviation,Minimum pitch,Maximum pitch,Mean intensity,Minimum intensity,Maximum intensity,Number of pulses,Number of periods,Mean period,Standard deviation of period,Fraction of unvoiced,Number of voice breaks,Degree of voice breaks,Jitter local,Jitter local absolute,Jitter rap,Jitter ppq5,Jitter ddp,Shimmer local,Shimmer local dB,Shimmer apq3,Shimmer apq5,Shimmer apq11,Shimmer dda,Mean autocorrelation,Mean NHR,Mean HNR,Audio Length
137.482 ,63.136 ,93.943 ,523.164 ,43.93357667048797,70.34902750907763,15.900359269836343,269,252,7.352236E-3 ,2.092325E-3 ,55.728,14,60.957,2.751,202.229E-6 ,1.363,1.467,4.089,16.671,1.448 ,8.715,11.452,17.137,26.145,0.777465,0.340615,6.377 ,5.184195011337868
--undefined-- ,--undefined-- ,--undefined-- ,--undefined-- ,27.000058470655844,50.83716789504028,16.54356528179624,1,0,--undefined-- ,--undefined-- ,100.000,0,0,--undefined--,--undefined-- ,--undefined--,--undefined--,--undefined--,--undefined--,--undefined--,--undefined--,--undefined--,--undefined--,--undefined--,--undefined--,--undefined--,--undefined--,0.5343990929705216
130.634 ,53.622 ,94.023 ,467.225 ,46.89017875942973,63.61458446113029,18.232745167357194,121,113,7.646756E-3 ,1.989459E-3 ,48.585,7,53.850,2.283,174.542E-6 ,0.941,1.314,2.822,17.646,1.704 ,10.002,14.500,19.992,30.006,0.735896,0.413024,5.124 ,2.1539909297052153
129.844 ,107.070 ,83.069 ,594.887 ,39.875347241227935,63.1992219059504,15.75381513936202,662,615,7.952728E-3 ,3.652238E-3 ,56.366,35,51.818,2.387,189.833E-6 ,1.012,1.235,3.036,17.670,1.464 ,8.110,10.552,16.831,24.329,0.722861,0.455917,4.816 ,14.013582766439908
129.685 ,37.219 ,111.394 ,264.822 ,64.09805888821772,73.71111417694067,35.35574569161987,79,78,7.789201E-3 ,1.572422E-3 ,9.859,0,0,1.780,138.611E-6 ,1.018,0.864,3.055,14.486,1.310 ,7.734,10.073,15.461,23.201,0.853431,0.189475,8.975 ,0.7433786848072562
