Mean pitch,Standard deviation,Minimum pitch,Maximum pitch,Mean intensity,Minimum intensity,Maximum intensity,Number of pulses,Number of periods,Mean period,Standard deviation of period,Fraction of unvoiced,Number of voice breaks,Degree of voice breaks,Jitter local,Jitter local absolute,Jitter rap,Jitter ppq5,Jitter ddp,Shimmer local,Shimmer local dB,Shimmer apq3,Shimmer apq5,Shimmer apq11,Shimmer dda,Mean autocorrelation,Mean NHR,Mean HNR,Audio Length
136.634 ,51.090 ,90.308 ,555.231 ,71.23791134470332,84.435006795025,36.634238314201454,309,297,7.380992E-3 ,1.618925E-3 ,19.048,8,19.994,2.536,187.185E-6 ,1.134,1.515,3.402,14.214,1.238 ,6.103,9.436,15.397,18.309,0.838256,0.245583,8.966 ,2.973514739229025
156.276 ,18.398 ,140.977 ,204.454 ,63.21569255790018,84.83473355799957,14.787892530401566,41,38,6.420155E-3 ,0.675946E-3 ,59.859,2,12.526,1.381,88.667E-6 ,0.428,0.695,1.284,10.813,1.030 ,4.204,8.661,19.421,12.612,0.807649,0.272602,7.408 ,1.4584126984126984
197.303 ,113.635 ,112.813 ,514.328 ,61.004470648422675,81.20130023082208,8.320059989090193,111,104,5.110628E-3 ,2.231127E-3 ,45.045,4,23.708,3.480,177.872E-6 ,1.840,2.129,5.520,19.486,1.724 ,11.148,14.706,25.460,33.444,0.732975,0.463882,5.663 ,1.1449433106575964
141.399 ,46.885 ,75.077 ,544.196 ,71.81903350986167,85.6885754586107,-1.208677847211805,507,490,7.104443E-3 ,1.576271E-3 ,16.851,11,18.634,2.431,172.686E-6 ,1.050,1.174,3.149,14.637,1.346 ,6.942,10.362,16.467,20.827,0.846426,0.218362,9.153 ,4.540861678004535
153.630 ,119.481 ,96.785 ,591.209 ,69.15764220859789,84.42944517476448,13.739725816626176,264,248,6.894853E-3 ,3.001402E-3 ,17.699,5,9.737,2.862,197.344E-6 ,1.369,1.872,4.107,15.070,1.424 ,6.566,9.510,15.657,19.697,0.815757,0.285278,8.559 ,2.294331065759637
