Mean pitch,Standard deviation,Minimum pitch,Maximum pitch,Mean intensity,Minimum intensity,Maximum intensity,Number of pulses,Number of periods,Mean period,Standard deviation of period,Fraction of unvoiced,Number of voice breaks,Degree of voice breaks,Jitter local,Jitter local absolute,Jitter rap,Jitter ppq5,Jitter ddp,Shimmer local,Shimmer local dB,Shimmer apq3,Shimmer apq5,Shimmer apq11,Shimmer dda,Mean autocorrelation,Mean NHR,Mean HNR,Audio Length
102.713 ,6.562 ,90.563 ,112.366 ,58.757506014237066,68.13735709590875,42.17379472163205,34,31,9.644662E-3 ,0.625160E-3 ,30.000,2,28.333,2.881,277.859E-6 ,1.408,1.614,4.225,17.156,1.580 ,7.565,7.717,--undefined--,22.694,0.688775,0.517517,3.912 ,0.5343990929705216
224.255 ,134.420 ,105.225 ,381.643 ,-43.29870010973533,71.86029957108931,-300.0,31,28,4.446049E-3 ,2.875756E-3 ,85.864,1,0,2.142,95.235E-6 ,1.004,1.002,3.013,11.598,0.999 ,5.425,15.996,--undefined--,16.274,0.751967,0.357967,5.162 ,1.9450113378684808
118.923 ,36.392 ,75.441 ,381.401 ,40.75910140831189,75.16251696455734,-8.350762901532562,145,137,8.374908E-3 ,1.675517E-3 ,67.548,7,20.191,1.760,147.386E-6 ,0.800,0.875,2.400,14.298,1.403 ,5.858,7.863,15.429,17.574,0.782116,0.326671,6.430 ,4.191541950113379
277.955 ,8.127 ,272.208 ,283.702 ,35.65652417214404,57.96781990434552,18.875576798829425,5,4,3.646108E-3 ,0.308234E-3 ,92.857,0,0,11.122,405.512E-6 ,7.102,--undefined--,21.306,17.803,1.550 ,--undefined--,--undefined--,--undefined--,--undefined--,0.628234,0.592442,2.280 ,0.456031746031746
