Mean pitch,Standard deviation,Minimum pitch,Maximum pitch,Mean intensity,Minimum intensity,Maximum intensity,Number of pulses,Number of periods,Mean period,Standard deviation of period,Fraction of unvoiced,Number of voice breaks,Degree of voice breaks,Jitter local,Jitter local absolute,Jitter rap,Jitter ppq5,Jitter ddp,Shimmer local,Shimmer local dB,Shimmer apq3,Shimmer apq5,Shimmer apq11,Shimmer dda,Mean autocorrelation,Mean NHR,Mean HNR,Audio Length
126.400 ,54.263 ,93.148 ,563.649 ,52.77950788442066,67.20832414665958,25.982477534342053,380,359,7.935045E-3 ,1.886710E-3 ,28.294,18,37.477,2.409,191.140E-6 ,0.947,1.108,2.841,14.043,1.189 ,5.903,8.475,15.705,17.710,0.835170,0.231590,8.393 ,4.6617460317460315
168.183 ,69.816 ,94.421 ,592.365 ,-35.67930295410903,68.9840898267994,-300.0,728,695,6.006715E-3 ,2.134300E-3 ,66.897,28,69.941,1.927,115.745E-6 ,0.812,0.973,2.436,11.528,1.073 ,4.317,6.167,10.932,12.950,0.800191,0.305403,7.400 ,14.536031746031746
135.427 ,115.269 ,81.050 ,584.824 ,48.018927769437475,70.53821955376928,-8.889479206727586,241,220,7.499816E-3 ,3.788886E-3 ,60.388,18,58.206,2.743,205.711E-6 ,1.261,1.470,3.783,16.115,1.372 ,7.907,11.755,13.822,23.722,0.670395,0.580190,3.581 ,5.184195011337868
150.121 ,123.682 ,94.535 ,537.253 ,33.09309450578103,71.26172617537328,-300.0,94,87,7.110760E-3 ,3.405688E-3 ,54.645,4,37.076,2.787,198.162E-6 ,1.172,1.387,3.515,15.457,1.355 ,7.878,9.597,19.745,23.634,0.672055,0.584315,3.830 ,1.8666439909297052
96.330 ,6.191 ,84.310 ,108.601 ,52.16025151270252,67.23357143816735,37.17623503468276,51,48,10.390213E-3 ,0.742858E-3 ,37.975,2,30.281,2.017,209.621E-6 ,0.809,1.335,2.427,14.547,1.387 ,6.156,10.098,52.870,18.468,0.684116,0.560351,3.978 ,0.8217460317460318
