Mean pitch,Standard deviation,Minimum pitch,Maximum pitch,Mean intensity,Minimum intensity,Maximum intensity,Number of pulses,Number of periods,Mean period,Standard deviation of period,Fraction of unvoiced,Number of voice breaks,Degree of voice breaks,Jitter local,Jitter local absolute,Jitter rap,Jitter ppq5,Jitter ddp,Shimmer local,Shimmer local dB,Shimmer apq3,Shimmer apq5,Shimmer apq11,Shimmer dda,Mean autocorrelation,Mean NHR,Mean HNR,Audio Length
126.050 ,8.581 ,96.093 ,145.836 ,59.49672501378985,70.38817761034105,31.535900513864156,61,59,7.932309E-3 ,0.610133E-3 ,18.966,1,4.471,2.913,231.053E-6 ,1.582,1.927,4.745,11.089,0.907 ,5.523,5.995,8.389,16.569,0.798663,0.309242,8.214 ,0.6109791666666666
146.764 ,20.251 ,112.871 ,203.430 ,65.39739096235549,83.70991823352207,40.707314042022205,293,280,6.848250E-3 ,0.952321E-3 ,37.183,12,39.190,2.136,146.302E-6 ,0.826,1.056,2.478,10.207,0.948 ,4.196,6.178,9.356,12.588,0.842549,0.230611,9.649 ,3.5869791666666666
132.198 ,48.683 ,87.134 ,595.681 ,54.468095935432984,80.08166810056471,1.9724750088965988,568,539,7.653271E-3 ,1.316938E-3 ,44.068,22,23.539,2.265,173.341E-6 ,1.075,1.295,3.225,9.537,0.955 ,3.452,4.968,9.438,10.357,0.854568,0.229160,11.043 ,8.290979166666666
