Mean pitch,Standard deviation,Minimum pitch,Maximum pitch,Mean intensity,Minimum intensity,Maximum intensity,Number of pulses,Number of periods,Mean period,Standard deviation of period,Fraction of unvoiced,Number of voice breaks,Degree of voice breaks,Jitter local,Jitter local absolute,Jitter rap,Jitter ppq5,Jitter ddp,Shimmer local,Shimmer local dB,Shimmer apq3,Shimmer apq5,Shimmer apq11,Shimmer dda,Mean autocorrelation,Mean NHR,Mean HNR,Audio Length
112.609 ,10.795 ,81.947 ,132.749 ,47.364048138994185,65.85165675653506,10.82751011860996,62,56,8.835702E-3 ,0.778484E-3 ,60.870,5,14.247,4.076,360.120E-6 ,1.756,2.459,5.268,19.871,1.615 ,9.838,16.898,25.862,29.513,0.745928,0.376212,5.152 ,1.6434920634920636
150.875 ,27.716 ,88.782 ,215.742 ,-11.00915056591515,70.45463214792568,-300.0,516,502,6.653894E-3 ,1.216228E-3 ,46.880,10,18.242,2.927,194.789E-6 ,1.449,1.579,4.346,13.437,1.229 ,4.928,8.043,13.503,14.785,0.859300,0.207746,9.982 ,6.606757369614512
136.702 ,21.041 ,93.311 ,198.943 ,47.19994721408862,67.99093339956856,-21.418656112967437,404,394,7.318530E-3 ,1.108554E-3 ,30.243,8,15.776,2.711,198.372E-6 ,1.242,1.498,3.725,14.416,1.326 ,6.084,9.214,17.065,18.252,0.850928,0.221999,9.425 ,4.5692063492063495
147.074 ,15.773 ,108.593 ,181.799 ,51.34231039654598,66.51518692150749,13.704278533287104,267,261,6.840427E-3 ,0.809193E-3 ,19.665,4,13.880,3.063,209.504E-6 ,1.620,1.905,4.861,13.307,1.410 ,5.770,9.064,15.974,17.311,0.837988,0.243061,9.454 ,2.4271655328798185
135.482 ,20.135 ,88.165 ,174.123 ,44.42085497821852,66.00684120475907,-6.455713557632851,318,310,7.404622E-3 ,1.233030E-3 ,32.312,7,9.853,2.413,178.679E-6 ,1.163,1.385,3.488,13.310,1.299 ,6.265,9.335,15.361,18.795,0.864282,0.185309,9.996 ,3.628798185941043
