Mean pitch,Standard deviation,Minimum pitch,Maximum pitch,Mean intensity,Minimum intensity,Maximum intensity,Number of pulses,Number of periods,Mean period,Standard deviation of period,Fraction of unvoiced,Number of voice breaks,Degree of voice breaks,Jitter local,Jitter local absolute,Jitter rap,Jitter ppq5,Jitter ddp,Shimmer local,Shimmer local dB,Shimmer apq3,Shimmer apq5,Shimmer apq11,Shimmer dda,Mean autocorrelation,Mean NHR,Mean HNR,Audio Length
140.435 ,70.036 ,113.742 ,553.204 ,61.10357482747538,74.2255204641487,32.42994807401347,352,339,7.214168E-3 ,1.956248E-3 ,25.936,10,30.509,1.609,116.109E-6 ,0.794,0.907,2.382,14.386,1.334 ,7.454,9.346,12.594,22.363,0.782635,0.337399,6.670 ,3.773582766439909
143.641 ,80.992 ,103.712 ,399.049 ,58.382307879759,70.75040654017202,39.02600753049294,51,48,6.949081E-3 ,2.767548E-3 ,36.207,1,4.013,2.852,198.208E-6 ,1.549,1.797,4.647,15.605,1.536 ,7.642,12.217,10.418,22.927,0.727381,0.466275,5.743 ,0.612766439909297
130.772 ,26.231 ,108.082 ,279.766 ,57.017906519227644,69.76607675934366,36.28590060274437,196,188,7.640016E-3 ,1.315584E-3 ,34.749,7,41.493,2.629,200.878E-6 ,1.357,1.663,4.072,14.334,1.333 ,7.081,9.901,16.478,21.242,0.752828,0.394180,5.673 ,2.6241950113378687
152.150 ,79.332 ,106.840 ,589.093 ,58.27012882856544,74.44415750906865,31.409461192899784,1388,1319,6.676481E-3 ,2.135210E-3 ,40.433,49,44.542,1.999,133.490E-6 ,0.986,1.075,2.957,15.644,1.365 ,7.623,10.892,15.443,22.869,0.771816,0.356407,6.203 ,16.651950113378685
245.050 ,205.752 ,98.822 ,577.631 ,43.77444261499642,66.70362274535277,-4.29629989387335,157,145,4.333611E-3 ,3.451738E-3 ,70.714,6,27.635,4.343,188.198E-6 ,2.334,1.849,7.001,19.052,1.635 ,9.396,9.986,7.681,28.188,0.684289,0.516118,3.815 ,2.8331746031746032
