Mean pitch,Standard deviation,Minimum pitch,Maximum pitch,Mean intensity,Minimum intensity,Maximum intensity,Number of pulses,Number of periods,Mean period,Standard deviation of period,Fraction of unvoiced,Number of voice breaks,Degree of voice breaks,Jitter local,Jitter local absolute,Jitter rap,Jitter ppq5,Jitter ddp,Shimmer local,Shimmer local dB,Shimmer apq3,Shimmer apq5,Shimmer apq11,Shimmer dda,Mean autocorrelation,Mean NHR,Mean HNR,Audio Length
138.862 ,38.068 ,98.512 ,210.619 ,34.75296184572789,78.52730211240831,-300.0,91,84,7.217373E-3 ,1.952173E-3 ,78.706,5,78.038,2.076,149.803E-6 ,0.642,0.775,1.927,17.005,1.415 ,7.687,11.402,22.064,23.061,0.708957,0.460043,4.245 ,3.7474603174603174
166.288 ,54.063 ,116.477 ,572.491 ,56.418863616693926,76.04700801106235,18.060863905485856,428,406,6.092177E-3 ,1.397325E-3 ,36.923,17,42.919,1.686,102.731E-6 ,0.701,0.773,2.104,12.064,1.172 ,5.668,8.304,12.041,17.005,0.825774,0.244144,8.029 ,4.583378684807256
195.927 ,183.953 ,78.837 ,555.726 ,36.77108504670154,65.40852870042247,-3.4289266780413468,38,33,5.639874E-3 ,4.195405E-3 ,70.909,2,52.731,4.226,238.315E-6 ,1.863,2.011,5.588,28.184,1.908 ,5.781,--undefined--,--undefined--,17.343,0.603865,0.692861,1.908 ,1.1352154195011337
129.175 ,4.971 ,122.084 ,136.319 ,13.944070461735507,70.98598591634654,-92.62021644191579,28,26,7.729614E-3 ,0.299945E-3 ,85.065,1,4.616,1.737,134.294E-6 ,0.842,0.764,2.525,17.918,1.631 ,6.533,9.079,24.568,19.600,0.758293,0.344105,5.222 ,1.579297052154195
124.799 ,1.468 ,122.575 ,126.466 ,32.78217115656829,77.80929854056404,-31.882500637064176,11,10,8.032491E-3 ,0.128072E-3 ,90.441,0,0,1.055,84.776E-6 ,0.513,0.708,1.538,22.897,1.888 ,10.048,16.097,--undefined--,30.145,0.813437,0.235293,6.626 ,1.396439909297052
