Mean pitch,Standard deviation,Minimum pitch,Maximum pitch,Mean intensity,Minimum intensity,Maximum intensity,Number of pulses,Number of periods,Mean period,Standard deviation of period,Fraction of unvoiced,Number of voice breaks,Degree of voice breaks,Jitter local,Jitter local absolute,Jitter rap,Jitter ppq5,Jitter ddp,Shimmer local,Shimmer local dB,Shimmer apq3,Shimmer apq5,Shimmer apq11,Shimmer dda,Mean autocorrelation,Mean NHR,Mean HNR,Audio Length
208.996 ,72.029 ,106.714 ,561.483 ,32.72439835668519,69.68450375270146,13.754033432259579,324,308,4.823705E-3 ,1.569153E-3 ,77.108,13,77.731,2.367,114.179E-6 ,1.127,1.212,3.380,13.045,1.109 ,5.214,6.682,9.376,15.641,0.859112,0.215862,10.421 ,7.509092970521542
133.907 ,50.015 ,76.415 ,573.937 ,59.14249785312142,74.32877881506325,25.265072582179013,607,587,7.527643E-3 ,1.626868E-3 ,19.048,16,23.374,2.220,167.115E-6 ,1.090,1.141,3.269,14.681,1.290 ,6.892,9.892,14.824,20.676,0.816298,0.281040,8.186 ,5.91562358276644
142.412 ,95.677 ,75.246 ,578.546 ,52.73495781356814,71.73627592416145,25.119548631629787,322,294,7.309559E-3 ,3.263416E-3 ,33.902,17,39.714,3.171,231.761E-6 ,1.616,1.498,4.849,16.823,1.460 ,7.130,9.928,16.767,21.390,0.766819,0.365262,6.269 ,4.139297052154195
184.833 ,165.509 ,71.665 ,582.032 ,45.70569646623876,68.703965059619,18.61576342650889,166,145,5.868084E-3 ,3.856000E-3 ,46.698,5,21.316,3.279,192.386E-6 ,1.535,1.589,4.606,19.903,1.642 ,8.577,13.911,45.550,25.730,0.727775,0.425659,4.804 ,2.1539909297052153
130.571 ,4.726 ,118.449 ,135.396 ,29.53021938547148,70.22041396021105,17.120464116189535,28,26,7.684234E-3 ,0.538589E-3 ,90.541,1,3.569,4.497,345.597E-6 ,2.378,2.613,7.134,22.773,1.833 ,9.879,15.497,22.252,29.637,0.741093,0.485180,5.397 ,2.2584807256235826
