Mean pitch,Standard deviation,Minimum pitch,Maximum pitch,Mean intensity,Minimum intensity,Maximum intensity,Number of pulses,Number of periods,Mean period,Standard deviation of period,Fraction of unvoiced,Number of voice breaks,Degree of voice breaks,Jitter local,Jitter local absolute,Jitter rap,Jitter ppq5,Jitter ddp,Shimmer local,Shimmer local dB,Shimmer apq3,Shimmer apq5,Shimmer apq11,Shimmer dda,Mean autocorrelation,Mean NHR,Mean HNR,Audio Length
171.111 ,34.497 ,143.330 ,229.134 ,20.291351529832763,57.7886545986192,4.0329088067000125,22,20,5.864581E-3 ,1.224118E-3 ,85.849,1,57.367,8.198,480.775E-6 ,5.277,4.838,15.831,16.499,1.794 ,6.976,21.303,--undefined--,20.927,0.658046,0.535452,2.899 ,1.0926984126984127
236.777 ,55.824 ,187.272 ,364.842 ,60.38077073001101,76.75981826261308,-17.397225429263838,182,179,4.242011E-3 ,0.908941E-3 ,14.444,0,0,1.982,84.088E-6 ,0.990,1.258,2.970,16.227,1.423 ,7.969,12.379,15.898,23.907,0.876364,0.169262,9.945 ,0.9359637188208617
225.241 ,33.926 ,168.195 ,297.231 ,56.53422205160675,74.62189678290692,6.506298697609374,371,367,4.465903E-3 ,0.688099E-3 ,29.204,1,1.139,2.756,123.059E-6 ,1.383,1.798,4.150,15.555,1.466 ,6.950,10.872,18.859,20.849,0.807108,0.308427,7.585 ,2.294331065759637
244.394 ,41.209 ,174.585 ,560.737 ,63.99608125291962,78.23199733279947,-28.69062823839664,871,847,4.101339E-3 ,0.639272E-3 ,21.138,16,19.183,2.906,119.203E-6 ,1.504,1.602,4.512,13.961,1.247 ,6.450,8.905,14.301,19.351,0.823954,0.264855,8.569 ,4.958820861678005
