Mean pitch,Standard deviation,Minimum pitch,Maximum pitch,Mean intensity,Minimum intensity,Maximum intensity,Number of pulses,Number of periods,Mean period,Standard deviation of period,Fraction of unvoiced,Number of voice breaks,Degree of voice breaks,Jitter local,Jitter local absolute,Jitter rap,Jitter ppq5,Jitter ddp,Shimmer local,Shimmer local dB,Shimmer apq3,Shimmer apq5,Shimmer apq11,Shimmer dda,Mean autocorrelation,Mean NHR,Mean HNR,Audio Length
150.665 ,44.854 ,120.192 ,284.049 ,43.12998164580682,74.23687611233277,27.848859392087636,40,38,6.538773E-3 ,1.721993E-3 ,78.814,1,10.169,3.761,245.920E-6 ,1.606,1.842,4.818,19.342,1.642 ,8.280,11.630,22.350,24.839,0.725103,0.458800,4.811 ,1.2135827664399093
133.193 ,13.716 ,117.043 ,158.492 ,51.82436949271541,79.90380017074916,23.50734673802297,44,40,7.536277E-3 ,0.776182E-3 ,69.492,3,59.448,2.079,156.696E-6 ,0.587,0.757,1.760,18.513,1.424 ,8.288,8.327,5.345,24.863,0.764820,0.365692,6.256 ,1.2135827664399093
164.008 ,16.365 ,129.564 ,230.479 ,60.54967661093635,74.07174719369813,29.625734947519085,300,291,6.101017E-3 ,0.600531E-3 ,39.228,7,16.938,1.532,93.494E-6 ,0.647,0.811,1.941,13.412,1.228 ,6.222,8.339,12.270,18.665,0.799301,0.300382,7.228 ,3.146643990929705
132.540 ,14.962 ,78.282 ,157.315 ,52.84978704492377,74.10517070592095,27.85717806819776,272,261,7.552679E-3 ,0.984802E-3 ,52.700,10,23.411,1.640,123.901E-6 ,0.619,0.723,1.857,13.669,1.300 ,6.553,9.083,13.664,19.659,0.791743,0.317323,7.056 ,4.6617460317460315
116.820 ,14.906 ,91.308 ,131.977 ,62.16336076686529,70.1242197488097,33.457393653537885,26,25,8.581594E-3 ,1.170365E-3 ,26.471,0,0,2.094,179.659E-6 ,0.842,1.131,2.527,9.648,0.907 ,4.701,6.068,10.293,14.104,0.689472,0.483741,3.657 ,0.3776643990929705
